original_classes,4,44,304,324,372,492,502,876,985
2,1,0,0,0,0,0,0,0,0
3,1,0,0,0,0,0,0,0,0
5,1,0,0,0,0,0,0,0,0
9,1,0,0,0,0,0,0,0,0
10,2,0,0,0,0,0,0,0,0
13,1,0,0,0,0,0,0,0,0
16,1,0,0,0,0,0,0,0,0
21,2,0,0,0,0,0,0,0,0
22,1,0,0,0,0,0,0,0,0
24,1,0,0,0,0,0,0,0,0
29,2,0,0,0,0,0,0,0,0
31,1,0,0,0,0,0,0,0,0
34,1,0,0,0,0,0,0,0,0
37,1,0,0,0,0,0,0,0,0
39,1,0,0,0,0,0,0,0,0
40,1,0,0,0,0,0,0,0,0
42,2,0,0,0,0,0,0,0,0
44,0,1,0,0,0,0,0,0,0
45,1,0,0,0,0,0,0,0,0
46,2,0,0,0,0,0,0,0,0
55,1,0,0,0,0,0,0,0,0
56,1,0,0,0,0,0,0,0,0
59,2,0,0,0,0,0,0,0,0
60,1,0,0,0,0,0,0,0,0
62,1,0,0,0,0,0,0,0,0
64,2,0,0,0,0,0,0,0,0
68,1,0,0,0,0,0,0,0,0
72,1,0,0,0,0,0,0,0,0
74,2,0,0,0,0,0,0,0,0
75,1,0,0,0,0,0,0,0,0
76,1,0,0,0,0,0,0,0,0
79,1,0,0,0,0,0,0,0,0
81,1,0,0,0,0,0,0,0,0
86,1,0,0,0,0,0,0,0,0
87,1,0,0,0,0,0,0,0,0
88,1,0,0,0,0,0,0,0,0
89,1,0,0,0,0,0,0,0,0
90,1,0,0,0,0,0,0,0,0
91,1,0,0,0,0,0,0,0,0
93,1,0,0,0,0,0,0,0,0
97,1,0,0,0,0,0,0,0,0
99,2,0,0,0,0,0,0,0,0
101,1,0,0,0,0,0,0,0,0
102,2,0,0,0,0,0,0,0,0
103,2,0,0,0,0,0,0,0,0
104,1,0,0,0,0,0,0,0,0
108,1,0,0,0,0,0,0,0,0
111,1,0,0,0,0,0,0,0,0
112,1,0,0,0,0,0,0,0,0
113,1,0,0,0,0,0,0,0,0
116,3,0,0,0,0,0,0,0,0
118,1,0,0,0,0,0,0,0,0
120,2,0,0,0,0,0,0,0,0
121,1,0,0,0,0,0,0,0,0
124,1,0,0,0,0,0,0,0,0
130,1,0,0,0,0,0,0,0,0
136,1,0,0,0,0,0,0,0,0
137,1,0,0,0,0,0,0,0,0
139,2,0,0,0,0,0,0,0,0
143,1,0,0,0,0,0,0,0,0
147,2,0,0,0,0,0,0,0,0
152,1,0,0,0,0,0,0,0,0
153,1,0,0,0,0,0,0,0,0
155,1,0,0,0,0,0,0,0,0
156,2,0,0,0,0,0,0,0,0
157,1,0,0,0,0,0,0,0,0
160,1,0,0,0,0,0,0,0,0
162,1,0,0,0,0,0,0,0,0
163,1,0,0,0,0,0,0,0,0
164,1,0,0,0,0,0,0,0,0
167,1,0,0,0,0,0,0,0,0
168,2,0,0,0,0,0,0,0,0
172,1,0,0,0,0,0,0,0,0
173,1,0,0,0,0,0,0,0,0
175,1,0,0,0,0,0,0,0,1
176,2,0,0,0,0,0,0,0,0
178,1,0,0,0,0,0,0,0,0
180,3,0,0,0,0,0,0,0,0
182,1,0,0,0,0,0,0,0,0
183,1,0,0,0,0,0,0,0,0
184,2,0,0,0,0,0,0,0,0
185,1,0,0,0,0,0,0,0,0
189,1,0,0,0,0,0,0,0,0
190,2,0,0,0,0,0,0,0,0
192,1,0,0,0,0,0,0,0,0
193,1,0,0,0,0,0,0,0,0
194,1,0,0,0,0,0,0,0,0
195,1,0,0,0,0,0,0,0,0
198,1,0,0,0,0,0,0,0,0
199,1,0,0,0,0,0,0,0,0
207,1,0,0,0,0,0,0,0,0
208,2,0,0,0,0,0,0,0,0
209,1,0,0,0,0,0,0,0,0
210,1,0,0,0,0,0,0,0,0
213,1,0,0,0,0,0,0,0,0
218,1,0,0,0,0,0,0,0,0
222,1,0,0,0,0,0,0,0,0
223,1,0,0,0,0,0,0,0,0
225,1,0,0,0,0,0,0,0,0
226,1,0,0,0,0,0,0,0,0
228,1,0,0,0,0,0,0,0,0
229,1,0,0,0,0,0,0,0,0
231,1,0,0,0,0,0,0,0,0
232,2,0,0,0,0,0,0,0,0
233,1,0,0,0,0,0,0,0,0
234,1,0,0,0,0,0,0,0,0
238,1,0,0,0,0,0,0,0,0
242,1,0,0,0,0,0,0,0,0
243,1,0,0,0,0,0,0,0,0
253,2,0,0,0,0,0,0,0,0
256,1,0,0,0,0,0,0,0,0
258,1,0,0,0,0,0,0,0,0
261,1,0,0,0,0,0,0,0,0
262,1,0,0,0,0,0,0,0,0
266,1,0,0,0,0,0,0,0,0
267,1,0,0,0,0,0,0,0,0
271,1,0,0,0,0,0,0,0,0
275,1,0,0,0,0,0,0,0,0
276,3,0,0,0,0,0,0,0,0
279,1,0,0,0,0,0,0,0,0
280,1,0,0,0,0,0,0,0,0
282,1,0,0,0,0,0,0,0,0
287,1,0,0,0,0,0,0,0,0
288,2,0,0,0,0,0,0,0,0
291,1,0,0,0,0,0,0,0,0
292,2,0,0,0,0,0,0,0,0
293,3,0,0,0,0,0,0,0,0
296,1,0,0,0,0,0,0,0,0
300,2,0,0,0,0,0,0,0,0
302,2,0,0,0,0,0,0,0,0
304,0,0,1,0,0,0,0,0,0
306,2,0,0,0,0,0,0,0,0
320,1,0,0,0,0,0,0,0,0
322,1,0,0,0,0,0,0,0,0
323,1,0,0,0,0,0,0,0,0
324,0,0,0,1,0,0,0,0,0
332,1,0,0,0,0,0,0,0,0
333,1,0,0,0,0,0,0,0,0
335,1,0,0,0,0,0,0,0,0
337,1,0,0,0,0,0,0,0,0
341,2,0,0,0,0,0,0,0,0
342,2,0,0,0,0,0,0,0,0
343,1,0,0,0,0,0,0,0,0
344,3,0,0,0,0,0,0,0,0
345,1,0,0,0,0,0,0,0,0
348,1,0,0,0,0,0,0,0,0
349,2,0,0,0,0,0,0,0,0
350,1,0,0,0,0,0,0,0,0
352,1,0,0,0,0,0,0,0,0
353,1,0,0,0,0,0,0,0,0
355,1,0,0,0,0,0,0,0,0
357,2,0,0,0,0,0,0,0,0
363,1,0,0,0,0,0,0,0,0
368,1,0,0,0,0,0,0,0,0
371,1,0,0,0,0,0,0,0,0
372,0,0,0,0,1,0,0,0,0
373,1,0,0,0,0,0,0,0,0
375,2,0,0,0,0,0,0,0,0
376,2,0,0,0,0,0,0,0,0
378,2,0,0,0,0,0,0,0,0
379,1,0,0,0,0,0,0,0,0
380,1,0,0,0,0,0,0,0,0
384,2,0,0,0,0,0,0,0,0
386,1,0,0,0,0,0,0,0,0
387,2,0,0,0,0,0,0,0,0
388,1,0,0,0,0,0,0,0,0
389,2,0,0,0,0,0,0,0,0
391,1,0,0,0,0,0,0,0,0
395,1,0,0,0,0,0,0,0,0
397,1,0,0,0,0,0,0,0,0
400,2,0,0,0,0,0,0,0,0
406,1,0,0,0,0,0,0,0,0
411,1,0,0,0,0,0,0,0,0
415,2,0,0,0,0,0,0,0,0
416,2,0,0,0,0,0,0,0,0
417,1,0,0,0,0,0,0,0,0
421,2,0,0,0,0,0,0,0,0
427,2,0,0,0,0,0,0,0,0
430,1,0,0,0,0,0,0,0,0
433,1,0,0,0,0,0,0,0,0
437,1,0,0,0,0,0,0,0,0
439,1,0,0,0,0,0,0,0,0
440,1,0,0,0,0,0,0,0,0
442,1,0,0,0,0,0,0,0,0
444,1,0,0,0,0,0,0,0,0
447,1,0,0,0,0,0,0,0,0
450,2,0,0,0,0,0,0,0,0
451,1,0,0,0,0,0,0,0,0
452,1,0,0,0,0,0,0,0,0
454,1,0,0,0,0,0,0,0,0
455,2,0,0,0,0,0,0,0,0
456,1,0,0,0,0,0,0,0,0
457,1,0,0,0,0,0,0,0,0
459,1,0,0,0,0,0,0,0,0
464,1,0,0,0,0,0,0,0,0
465,1,0,0,0,0,0,0,0,0
467,1,0,0,0,0,0,0,0,0
468,2,0,0,0,0,0,0,0,0
469,1,0,0,0,0,0,0,0,0
470,1,0,0,0,0,0,0,0,0
472,2,0,0,0,0,0,0,0,0
473,1,0,0,0,0,0,0,0,0
474,1,0,0,0,0,0,0,0,0
477,1,0,0,0,0,0,0,0,0
482,1,0,0,0,0,0,0,0,0
486,1,0,0,0,0,0,0,0,0
490,1,0,0,0,0,0,0,0,0
492,0,0,0,0,0,1,0,0,0
496,1,0,0,0,0,0,0,0,0
499,2,0,0,0,0,0,0,0,0
500,1,0,0,0,0,0,0,0,0
501,1,0,0,0,0,0,0,0,0
502,0,0,0,0,0,0,1,0,0
508,2,0,0,0,0,0,0,0,0
512,1,0,0,0,0,0,0,0,0
518,1,0,0,0,0,0,0,0,0
525,2,0,0,0,0,0,0,0,0
526,1,0,0,0,0,0,0,0,0
528,1,0,0,0,0,0,0,0,0
529,1,0,0,0,0,0,0,0,0
530,1,0,0,0,0,0,0,0,0
531,2,0,0,0,0,0,0,0,0
534,1,0,0,0,0,0,0,0,0
539,1,0,0,0,0,0,0,0,0
540,2,0,0,0,0,0,0,0,0
551,1,0,0,0,0,0,0,0,0
552,1,0,0,0,0,0,0,0,0
554,1,0,0,0,0,0,0,0,0
557,1,0,0,0,0,0,0,0,0
561,2,0,0,0,0,0,0,0,0
562,4,0,0,0,0,0,0,0,0
563,1,0,0,0,0,0,0,0,0
564,2,0,0,0,0,0,0,0,0
566,1,0,0,0,0,0,0,0,0
568,1,0,0,0,0,0,0,0,0
572,1,0,0,0,0,0,0,0,0
573,1,0,0,0,0,0,0,0,0
575,1,0,0,0,0,0,0,0,0
576,1,0,0,0,0,0,0,0,0
577,1,0,0,0,0,0,0,0,0
578,2,0,0,0,0,0,0,0,0
579,1,0,0,0,0,0,0,0,0
582,1,0,0,0,0,0,0,0,0
583,1,0,0,0,0,0,0,0,0
584,2,0,0,0,0,0,0,0,0
585,1,0,0,0,0,0,0,0,0
587,1,0,0,0,0,0,0,0,0
588,1,0,0,0,0,0,0,0,0
589,1,0,0,0,0,0,0,0,0
590,1,0,0,0,0,0,0,0,0
595,2,0,0,0,0,0,0,0,0
596,1,0,0,0,0,0,0,0,0
599,1,0,0,0,0,0,0,0,0
612,1,0,0,0,0,0,0,0,0
621,1,0,0,0,0,0,0,0,0
624,1,0,0,0,0,0,0,0,0
625,1,0,0,0,0,0,0,0,0
629,1,0,0,0,0,0,0,0,0
631,1,0,0,0,0,0,0,0,0
636,1,0,0,0,0,0,0,0,0
639,1,0,0,0,0,0,0,0,0
646,2,0,0,0,0,0,0,0,0
650,1,0,0,0,0,0,0,0,0
653,1,0,0,0,0,0,0,0,0
657,1,0,0,0,0,0,0,0,0
661,1,0,0,0,0,0,0,0,0
662,1,0,0,0,0,0,0,0,0
665,1,0,0,0,0,0,0,0,0
667,1,0,0,0,0,0,0,0,0
669,1,0,0,0,0,0,0,0,0
670,2,0,0,0,0,0,0,0,0
673,2,0,0,0,0,0,0,0,0
674,1,0,0,0,0,0,0,0,0
675,1,0,0,0,0,0,0,0,0
676,1,0,0,0,0,0,0,0,0
680,1,0,0,0,0,0,0,0,0
681,2,0,0,0,0,0,0,0,0
684,1,0,0,0,0,0,0,0,0
685,1,0,0,0,0,0,0,0,0
686,1,0,0,0,0,0,0,0,0
691,1,0,0,0,0,0,0,0,0
694,1,0,0,0,0,0,0,0,0
695,1,0,0,0,0,0,0,0,0
697,1,0,0,0,0,0,0,0,0
698,1,0,0,0,0,0,0,0,0
701,1,0,0,0,0,0,0,0,0
705,1,0,0,0,0,0,0,0,0
710,4,0,0,0,0,0,0,0,0
713,2,0,0,0,0,0,0,0,0
716,3,0,0,0,0,0,0,0,0
719,1,0,0,0,0,0,0,0,0
722,1,0,0,0,0,0,0,0,0
723,2,0,0,0,0,0,0,0,0
727,2,0,0,0,0,0,0,0,0
731,2,0,0,0,0,0,0,0,0
733,1,0,0,0,0,0,0,0,0
735,1,0,0,0,0,0,0,0,0
736,2,0,0,0,0,0,0,0,0
737,1,0,0,0,0,0,0,0,0
739,1,0,0,0,0,0,0,0,0
740,1,0,0,0,0,0,0,0,0
743,1,0,0,0,0,0,0,0,0
744,1,0,0,0,0,0,0,0,0
745,1,0,0,0,0,0,0,0,0
746,2,0,0,0,0,0,0,0,0
747,1,0,0,0,0,0,0,0,0
748,1,0,0,0,0,0,0,0,0
750,1,0,0,0,0,0,0,0,0
751,1,0,0,0,0,0,0,0,0
752,1,0,0,0,0,0,0,0,0
753,1,0,0,0,0,0,0,0,0
754,1,0,0,0,0,0,0,0,0
761,1,0,0,0,0,0,0,0,0
763,2,0,0,0,0,0,0,0,0
769,2,0,0,0,0,0,0,0,0
775,1,0,0,0,0,0,0,0,0
776,1,0,0,0,0,0,0,0,0
779,1,0,0,0,0,0,0,0,0
785,1,0,0,0,0,0,0,0,0
788,2,0,0,0,0,0,0,0,0
789,2,0,0,0,0,0,0,0,0
794,1,0,0,0,0,0,0,0,0
795,1,0,0,0,0,0,0,0,0
796,2,0,0,0,0,0,0,0,0
801,1,0,0,0,0,0,0,0,0
806,2,0,0,0,0,0,0,0,0
812,1,0,0,0,0,0,0,0,0
814,2,0,0,0,0,0,0,0,0
816,2,0,0,0,0,0,0,0,0
818,1,0,0,0,0,0,0,0,0
826,1,0,0,0,0,0,0,0,0
827,1,0,0,0,0,0,0,0,0
829,1,0,0,0,0,0,0,0,0
832,1,0,0,0,0,0,0,0,0
834,2,0,0,0,0,0,0,0,0
839,1,0,0,0,0,0,0,0,0
840,1,0,0,0,0,0,0,0,0
842,2,0,0,0,0,0,0,0,0
843,2,0,0,0,0,0,0,0,0
846,1,0,0,0,0,0,0,0,0
847,1,0,0,0,0,0,0,0,0
848,1,0,0,0,0,0,0,0,0
850,1,0,0,0,0,0,0,0,0
851,1,0,0,0,0,0,0,0,0
854,1,0,0,0,0,0,0,0,0
859,1,0,0,0,0,0,0,0,0
860,1,0,0,0,0,0,0,0,0
863,1,0,0,0,0,0,0,0,0
864,1,0,0,0,0,0,0,0,0
866,2,0,0,0,0,0,0,0,0
869,1,0,0,0,0,0,0,0,0
870,2,0,0,0,0,0,0,0,0
871,1,0,0,0,0,0,0,0,0
872,1,0,0,0,0,0,0,0,0
876,0,0,0,0,0,0,0,1,0
879,1,0,0,0,0,0,0,0,0
881,1,0,0,0,0,0,0,0,0
885,1,0,0,0,0,0,0,0,0
886,1,0,0,0,0,0,0,0,0
891,1,0,0,0,0,0,0,0,0
892,1,0,0,0,0,0,0,0,0
894,2,0,0,0,0,0,0,0,0
895,1,0,0,0,0,0,0,0,0
896,1,0,0,0,0,0,0,0,0
901,2,0,0,0,0,0,0,0,0
903,1,0,0,0,0,0,0,0,0
908,1,0,0,0,0,0,0,0,0
911,1,0,0,0,0,0,0,0,0
917,1,0,0,0,0,0,0,0,0
920,1,0,0,0,0,0,0,0,0
924,1,0,0,0,0,0,0,0,0
925,3,0,0,0,0,0,0,0,0
926,2,0,0,0,0,0,0,0,0
927,1,0,0,0,0,0,0,0,0
931,1,0,0,0,0,0,0,0,0
932,1,0,0,0,0,0,0,0,0
933,1,0,0,0,0,0,0,0,0
937,1,0,0,0,0,0,0,0,0
938,1,0,0,0,0,0,0,0,0
940,2,0,0,0,0,0,0,0,0
942,1,0,0,0,0,0,0,0,0
945,1,0,0,0,0,0,0,0,0
956,1,0,0,0,0,0,0,0,0
957,1,0,0,0,0,0,0,0,0
958,1,0,0,0,0,0,0,0,0
959,1,0,0,0,0,0,0,0,0
960,1,0,0,0,0,0,0,0,0
961,1,0,0,0,0,0,0,0,0
964,1,0,0,0,0,0,0,0,0
968,1,0,0,0,0,0,0,0,0
969,1,0,0,0,0,0,0,0,0
971,2,0,0,0,0,0,0,0,0
972,1,0,0,0,0,0,0,0,0
976,2,0,0,0,0,0,0,0,0
977,1,0,0,0,0,0,0,0,0
978,2,0,0,0,0,0,0,0,0
980,1,0,0,0,0,0,0,0,0
981,1,0,0,0,0,0,0,0,0
986,1,0,0,0,0,0,0,0,0
988,1,0,0,0,0,0,0,0,0
989,1,0,0,0,0,0,0,0,0
992,1,0,0,0,0,0,0,0,0
994,1,0,0,0,0,0,0,0,0
997,2,0,0,0,0,0,0,0,0
