params_x,params_y,params_z,params_voltage,user_attrs_top-1
122.0,156.29999999999998,0.12,200,0.7578125
122.0,156.29999999999998,0.12,200,0.7578125
122.9,153.1,0.77,300,0.7578125
122.9,153.1,0.77,300,0.7578125
123.5,154.29999999999998,0.4,250,0.7578125
123.5,154.29999999999998,0.4,250,0.7578125
123.9,155.5,0.89,300,0.7578125
123.9,155.5,0.89,300,0.7578125
124.2,156.5,0.7000000000000001,250,0.7578125
124.2,156.5,0.7000000000000001,250,0.7578125
124.4,156.6,0.19,350,0.75
124.4,156.6,0.19,350,0.7578125
124.4,156.6,0.19,350,-1.0
124.0,156.7,0.13,200,0.7578125
124.0,156.7,0.13,200,0.7578125
125.0,156.79999999999998,0.23,150,0.7578125
125.0,156.79999999999998,0.23,150,0.7578125
123.10000000000001,155.6,0.31,250,0.7578125
123.10000000000001,155.6,0.31,250,0.7578125
124.5,153.6,0.6,250,0.7578125
124.5,153.6,0.6,250,0.75
124.5,153.6,0.6,250,0.7578125
124.2,156.4,0.1,350,-1.0
124.2,156.4,0.1,350,0.7578125
125.30000000000001,153.9,0.72,250,0.7578125
125.30000000000001,153.9,0.72,250,0.7578125
125.4,155.5,0.29,300,-1.0
125.4,155.5,0.29,300,-1.0
124.4,153.9,0.23,150,0.75
124.4,153.9,0.23,150,0.7578125
124.4,153.9,0.23,150,0.7578125
125.30000000000001,157.1,0.58,350,0.7578125
125.30000000000001,157.1,0.58,350,0.7578125
124.4,153.7,0.62,350,0.7578125
124.4,153.7,0.62,350,0.75
124.4,153.7,0.62,350,0.7578125
124.4,153.1,0.99,200,0.7578125
124.4,153.1,0.99,200,0.7578125
124.4,153.2,0.53,250,0.7578125
124.4,153.2,0.53,250,0.7578125
121.7,156.7,0.39,350,0.7578125
121.7,156.7,0.39,350,0.7578125
123.0,156.79999999999998,0.1,300,0.7578125
123.0,156.79999999999998,0.1,300,0.7578125
123.9,154.7,0.05,350,-1.0
123.9,154.7,0.05,350,-1.0
124.5,154.0,0.22,150,0.7578125
124.5,154.0,0.22,150,0.7421875
124.5,154.0,0.22,150,0.7578125
124.4,153.4,0.02,250,-1.0
124.4,153.4,0.02,250,-1.0
125.30000000000001,154.5,0.07,150,0.7578125
125.30000000000001,154.5,0.07,150,0.7578125
123.7,154.79999999999998,0.52,150,0.7578125
123.7,154.79999999999998,0.52,150,0.7578125
124.30000000000001,156.7,0.29,350,-1.0
124.30000000000001,156.7,0.29,350,0.7578125
123.4,153.6,0.47000000000000003,150,0.7578125
123.4,153.6,0.47000000000000003,150,0.7578125
125.30000000000001,154.5,0.58,150,0.7578125
125.30000000000001,154.5,0.58,150,0.7578125
121.4,153.4,0.25,350,0.7578125
121.4,153.4,0.25,350,0.7578125
121.5,156.0,0.3,150,0.7578125
121.5,156.0,0.3,150,0.7578125
123.30000000000001,154.0,0.09,150,0.7578125
123.30000000000001,154.0,0.09,150,0.7578125
124.4,154.0,0.3,150,0.7578125
124.4,154.0,0.3,150,0.7578125
125.30000000000001,157.0,0.0,350,-1.0
125.30000000000001,157.0,0.0,350,0.7578125
125.4,153.1,0.06,150,0.7578125
125.4,153.1,0.06,150,0.7578125
121.80000000000001,153.6,0.88,150,0.7578125
121.80000000000001,153.6,0.88,150,0.7578125
124.5,153.9,0.31,200,0.7578125
124.5,153.9,0.31,200,0.75
124.5,153.9,0.31,200,0.7578125
124.2,153.9,0.03,150,0.75
124.2,153.9,0.03,150,0.7421875
124.2,153.9,0.03,150,0.7578125
124.2,153.9,0.03,150,-1.0
125.30000000000001,156.29999999999998,1.0,200,0.7578125
125.30000000000001,156.29999999999998,1.0,200,0.7578125
122.2,156.2,0.98,350,0.7578125
122.2,156.2,0.98,350,0.7578125
124.30000000000001,154.6,0.59,250,0.7578125
124.30000000000001,154.6,0.59,250,0.7578125
122.30000000000001,157.0,0.78,150,0.7578125
122.30000000000001,157.0,0.78,150,0.7578125
123.80000000000001,155.1,0.05,150,0.75
123.80000000000001,155.1,0.05,150,0.7578125
123.80000000000001,155.1,0.05,150,0.7578125
123.9,153.5,0.05,150,0.7578125
123.9,153.5,0.05,150,0.7578125
123.4,154.2,0.81,250,0.7578125
123.4,154.2,0.81,250,0.7578125
124.10000000000001,154.29999999999998,0.14,150,0.75
124.10000000000001,154.29999999999998,0.14,150,0.75
124.10000000000001,154.29999999999998,0.14,150,0.7578125
124.10000000000001,154.29999999999998,0.14,150,0.75
124.10000000000001,154.29999999999998,0.14,150,0.7578125
124.7,154.29999999999998,0.18,150,0.75
124.7,154.29999999999998,0.18,150,0.7578125
124.7,154.29999999999998,0.18,150,0.75
124.7,154.29999999999998,0.18,150,0.7578125
124.5,155.2,0.25,150,0.7578125
124.5,155.2,0.25,150,0.7578125
124.10000000000001,154.29999999999998,0.07,150,0.7578125
124.10000000000001,154.29999999999998,0.07,150,0.7578125
123.60000000000001,154.6,0.02,250,0.7578125
123.60000000000001,154.6,0.02,250,0.75
123.60000000000001,154.6,0.02,250,-1.0
124.7,154.2,0.04,200,0.7578125
124.7,154.2,0.04,200,0.7578125
124.7,154.4,0.29,150,0.75
124.7,154.4,0.29,150,0.7578125
124.7,154.4,0.29,150,0.7578125
124.9,155.9,0.36,350,0.7578125
124.9,155.9,0.36,350,0.75
124.9,155.9,0.36,350,-1.0
123.4,156.1,0.28,350,0.7578125
123.4,156.1,0.28,350,-1.0
121.60000000000001,153.2,0.36,150,0.7578125
121.60000000000001,153.2,0.36,150,0.7578125
125.10000000000001,153.2,0.52,250,0.7578125
125.10000000000001,153.2,0.52,250,0.75
125.10000000000001,153.2,0.52,250,0.7578125
124.5,154.5,0.1,150,0.7578125
124.5,154.5,0.1,150,-1.0
123.7,153.4,0.64,250,0.7578125
123.7,153.4,0.64,250,0.7578125
124.5,153.1,0.61,150,0.7578125
124.5,153.1,0.61,150,0.7578125
121.60000000000001,156.2,0.74,250,0.7578125
121.60000000000001,156.2,0.74,250,0.7578125
124.9,156.5,0.22,300,-1.0
124.9,156.5,0.22,300,0.7578125
122.10000000000001,154.6,0.6,300,0.7578125
122.10000000000001,154.6,0.6,300,0.7578125
124.60000000000001,153.79999999999998,0.23,150,0.7578125
124.60000000000001,153.79999999999998,0.23,150,0.7578125
124.2,153.5,0.18,150,0.7578125
124.2,153.5,0.18,150,0.7578125
124.2,155.9,0.03,350,-1.0
124.2,155.9,0.03,350,-1.0
124.0,154.5,0.15,150,0.7578125
124.0,154.5,0.15,150,0.7578125
124.80000000000001,154.1,0.21,150,0.7578125
124.80000000000001,154.1,0.21,150,0.7578125
124.4,153.7,0.04,150,0.7578125
124.4,153.7,0.04,150,0.7578125
123.80000000000001,153.79999999999998,0.26,150,0.7578125
123.80000000000001,153.79999999999998,0.26,150,0.7578125
124.4,157.0,0.3,350,0.7578125
124.4,157.0,0.3,350,0.7578125
125.0,154.29999999999998,0.33,200,0.7578125
125.0,154.29999999999998,0.33,200,0.7578125
124.4,153.7,0.61,250,0.7578125
124.4,153.7,0.61,250,0.7578125
124.7,154.1,0.6,350,0.75
124.7,154.1,0.6,350,0.7578125
124.7,154.1,0.6,350,0.7578125
124.2,153.29999999999998,0.87,350,0.7578125
124.2,153.29999999999998,0.87,350,0.7578125
124.2,153.7,0.71,350,0.7578125
124.2,153.7,0.71,350,0.7578125
121.9,153.1,0.6900000000000001,300,0.7578125
121.9,153.1,0.6900000000000001,300,0.7578125
124.7,153.4,0.38,350,0.7578125
124.7,153.4,0.38,350,0.75
124.7,153.4,0.38,350,0.7578125
123.2,154.9,0.29,150,0.7578125
123.2,154.9,0.29,150,0.7578125
124.10000000000001,153.2,0.61,300,0.7578125
124.10000000000001,153.2,0.61,300,0.7578125
121.4,156.1,0.07,350,0.75
121.4,156.1,0.07,350,0.7578125
121.4,156.1,0.07,350,0.7578125
123.60000000000001,154.1,0.31,200,0.7578125
123.60000000000001,154.1,0.31,200,0.7578125
123.7,153.79999999999998,0.07,200,0.7578125
123.7,153.79999999999998,0.07,200,0.7578125
123.7,154.1,0.47000000000000003,350,0.75
123.7,154.1,0.47000000000000003,350,0.7578125
123.7,154.1,0.47000000000000003,350,0.7578125
124.30000000000001,156.9,0.1,350,-1.0
124.30000000000001,156.9,0.1,350,-1.0
124.2,153.9,0.34,250,0.7578125
124.2,153.9,0.34,250,0.7578125
125.10000000000001,153.5,0.21,200,0.7578125
125.10000000000001,153.5,0.21,200,0.7578125
124.60000000000001,154.29999999999998,0.18,200,0.7578125
124.60000000000001,154.29999999999998,0.18,200,0.7578125
125.30000000000001,154.0,0.28,150,0.7578125
125.30000000000001,154.0,0.28,150,0.7578125
123.10000000000001,154.29999999999998,0.9,350,0.7578125
123.10000000000001,154.29999999999998,0.9,350,0.7578125
124.5,153.7,0.43,200,0.7578125
124.5,153.7,0.43,200,0.7578125
124.4,154.1,0.48,150,0.7578125
124.4,154.1,0.48,150,0.7578125
124.7,154.2,0.88,200,0.7578125
124.7,154.2,0.88,200,0.7578125
124.10000000000001,155.1,0.12,200,0.7578125
124.10000000000001,155.1,0.12,200,0.75
124.10000000000001,155.1,0.12,200,-1.0
122.5,155.1,0.99,200,0.7578125
122.5,155.1,0.99,200,0.7578125
123.9,156.1,0.05,150,0.7578125
123.9,156.1,0.05,150,0.7578125
125.4,153.5,0.66,350,0.7578125
125.4,153.5,0.66,350,0.7578125
123.0,155.5,0.01,200,0.7578125
123.0,155.5,0.01,200,0.7578125
123.5,154.2,0.01,150,0.7578125
123.5,154.2,0.01,150,0.7578125
123.7,155.2,0.13,150,0.7578125
123.7,155.2,0.13,150,0.7578125
124.10000000000001,154.5,0.34,200,0.7578125
124.10000000000001,154.5,0.34,200,0.7578125
123.60000000000001,155.4,0.68,350,0.7578125
123.60000000000001,155.4,0.68,350,0.7578125
124.10000000000001,155.1,0.09,150,0.7578125
124.10000000000001,155.1,0.09,150,0.7578125
123.4,154.79999999999998,0.07,300,0.7578125
123.4,154.79999999999998,0.07,300,0.7578125
124.5,154.29999999999998,0.06,150,0.7578125
124.5,154.29999999999998,0.06,150,0.7578125
123.80000000000001,154.1,0.0,250,0.7578125
123.80000000000001,154.1,0.0,250,0.7578125
123.30000000000001,155.0,0.15,250,0.7578125
123.30000000000001,155.0,0.15,250,0.1328125
123.30000000000001,155.0,0.15,250,0.7578125
123.30000000000001,155.0,0.15,250,0.1328125
123.30000000000001,155.0,0.15,250,0.7578125
123.30000000000001,155.0,0.15,250,-1.0
123.30000000000001,155.0,0.15,250,0.7578125
123.30000000000001,155.0,0.15,250,0.140625
123.30000000000001,155.0,0.15,250,-1.0
123.30000000000001,155.0,0.15,250,0.7578125
123.30000000000001,155.0,0.15,250,0.140625
123.30000000000001,155.0,0.15,250,0.7578125
123.30000000000001,155.0,0.15,250,-1.0
123.30000000000001,155.0,0.15,250,0.7578125
125.30000000000001,155.4,0.76,250,0.7578125
125.30000000000001,155.4,0.76,250,0.7578125
122.80000000000001,154.9,0.15,250,0.7578125
122.80000000000001,154.9,0.15,250,-1.0
121.4,156.79999999999998,0.06,250,0.7578125
121.4,156.79999999999998,0.06,250,0.7578125
124.30000000000001,154.29999999999998,0.22,150,0.7578125
124.30000000000001,154.29999999999998,0.22,150,0.75
124.30000000000001,154.29999999999998,0.22,150,0.7578125
124.5,153.4,0.32,150,0.7578125
124.5,153.4,0.32,150,0.7578125
121.60000000000001,155.2,0.27,250,0.7578125
121.60000000000001,155.2,0.27,250,0.7578125
123.5,154.79999999999998,0.21,200,0.7578125
123.5,154.79999999999998,0.21,200,0.7578125
123.10000000000001,154.6,0.0,250,-1.0
123.10000000000001,154.6,0.0,250,0.75
123.10000000000001,154.6,0.0,250,0.7578125
124.30000000000001,153.9,0.28,200,0.7578125
124.30000000000001,153.9,0.28,200,0.7578125
123.60000000000001,154.7,0.03,200,0.75
123.60000000000001,154.7,0.03,200,0.7578125
123.60000000000001,154.7,0.03,200,0.7578125
124.30000000000001,153.79999999999998,0.77,250,0.7578125
124.30000000000001,153.79999999999998,0.77,250,0.7578125
123.5,154.7,0.29,250,0.7578125
123.5,154.7,0.29,250,0.7578125
123.9,155.9,0.18,250,-1.0
123.9,155.9,0.18,250,0.7578125
123.0,155.29999999999998,0.28,300,0.1171875
123.0,155.29999999999998,0.28,300,-1.0
123.0,155.29999999999998,0.28,300,0.7578125
123.0,155.29999999999998,0.28,300,0.7578125
123.0,155.29999999999998,0.28,300,0.7578125
123.0,155.6,0.12,300,0.7578125
123.0,155.6,0.12,300,0.7578125
123.7,155.79999999999998,0.25,300,0.75
123.7,155.79999999999998,0.25,300,0.7578125
123.7,155.79999999999998,0.25,300,-1.0
122.5,155.2,0.32,300,0.7578125
122.5,155.2,0.32,300,0.7578125
123.9,154.2,0.2,150,0.7578125
123.9,154.2,0.2,150,0.7578125
122.80000000000001,154.2,0.3,300,0.7578125
122.80000000000001,154.2,0.3,300,0.7578125
123.4,155.1,0.36,350,-1.0
123.4,155.1,0.36,350,0.75
123.4,155.1,0.36,350,0.7578125
123.2,156.29999999999998,0.48,200,0.7578125
123.2,156.29999999999998,0.48,200,0.7578125
125.4,155.9,0.13,350,-1.0
125.4,155.9,0.13,350,0.7578125
125.30000000000001,154.4,0.15,150,0.7578125
125.30000000000001,154.4,0.15,150,0.7578125
124.80000000000001,156.6,0.59,150,0.7578125
124.80000000000001,156.6,0.59,150,0.7578125
122.5,153.9,0.01,350,-1.0
122.5,153.9,0.01,350,0.7578125
124.0,155.1,0.18,250,0.7578125
124.0,155.1,0.18,250,0.7578125
124.60000000000001,153.6,0.19,150,0.75
124.60000000000001,153.6,0.19,150,0.7578125
124.60000000000001,153.6,0.19,150,0.7578125
124.9,154.9,0.34,150,0.7578125
124.9,154.9,0.34,150,0.7578125
124.9,155.4,0.03,150,0.7578125
124.9,155.4,0.03,150,0.75
124.9,155.4,0.03,150,0.7578125
124.80000000000001,154.5,0.53,250,0.7578125
124.80000000000001,154.5,0.53,250,0.7578125
124.2,153.6,0.03,150,0.7578125
124.2,153.6,0.03,150,0.7578125
124.5,154.1,0.32,150,0.75
124.5,154.1,0.32,150,0.75
124.5,154.1,0.32,150,0.7578125
124.5,154.1,0.32,150,0.75
124.5,154.1,0.32,150,0.7578125
124.4,153.9,0.23,150,0.7578125
124.4,153.9,0.23,150,0.7578125
124.2,153.9,0.49,300,0.7578125
124.2,153.9,0.49,300,0.7578125
123.7,156.9,0.16,300,0.7578125
123.7,156.9,0.16,300,0.7578125
124.30000000000001,153.7,0.65,350,0.7578125
124.30000000000001,153.7,0.65,350,0.7578125
124.10000000000001,154.6,0.46,150,0.7578125
124.10000000000001,154.6,0.46,150,0.7578125
124.4,156.2,0.25,350,-1.0
124.4,156.2,0.25,350,0.7578125
124.0,154.5,0.34,150,0.7578125
124.0,154.5,0.34,150,0.75
124.0,154.5,0.34,150,0.7578125
124.80000000000001,154.6,0.25,150,0.75
124.80000000000001,154.6,0.25,150,0.75
124.80000000000001,154.6,0.25,150,0.7578125
124.80000000000001,154.6,0.25,150,0.7578125
124.10000000000001,154.79999999999998,0.01,250,-1.0
124.10000000000001,154.79999999999998,0.01,250,0.7578125
124.7,155.1,0.2,150,0.7578125
124.7,155.1,0.2,150,0.7578125
123.9,155.1,0.01,150,0.7578125
123.9,155.1,0.01,150,0.7578125
124.4,154.29999999999998,0.31,150,0.7578125
124.4,154.29999999999998,0.31,150,0.7578125
124.0,153.2,0.35000000000000003,200,0.7578125
124.0,153.2,0.35000000000000003,200,0.7578125
124.5,153.79999999999998,0.1,200,0.7578125
124.5,153.79999999999998,0.1,200,0.75
124.5,153.79999999999998,0.1,200,0.7578125
124.60000000000001,154.5,0.2,150,0.7578125
124.60000000000001,154.5,0.2,150,0.7578125
125.30000000000001,154.4,0.33,150,0.75
125.30000000000001,154.4,0.33,150,0.7578125
125.30000000000001,154.4,0.33,150,0.7578125
122.2,153.79999999999998,0.09,200,0.7578125
122.2,153.79999999999998,0.09,200,0.7578125
122.9,155.29999999999998,0.22,250,0.140625
122.9,155.29999999999998,0.22,250,0.7578125
122.9,155.29999999999998,0.22,250,0.7578125
122.9,155.29999999999998,0.22,250,0.7578125
122.9,155.29999999999998,0.22,250,0.7578125
123.0,155.6,0.4,300,0.7578125
123.0,155.6,0.4,300,0.7578125
123.0,154.9,0.3,250,0.75
123.0,154.9,0.3,250,0.7578125
123.0,154.9,0.3,250,0.7578125
123.2,155.6,0.27,200,0.7578125
123.2,155.6,0.27,200,0.7578125
122.80000000000001,155.5,0.24,250,0.7578125
122.80000000000001,155.5,0.24,250,0.7578125
124.7,153.7,0.65,200,0.75
124.7,153.7,0.65,200,0.7578125
124.7,153.7,0.65,200,0.7578125
124.5,154.1,0.16,150,0.7578125
124.5,154.1,0.16,150,0.75
124.5,154.1,0.16,150,0.7578125
124.5,154.0,0.34,150,0.7578125
124.5,154.0,0.34,150,0.75
124.5,154.0,0.34,150,0.7578125
124.9,153.9,0.38,200,0.75
124.9,153.9,0.38,200,0.7578125
124.9,153.9,0.38,200,0.7578125
125.0,154.9,0.13,200,0.7578125
125.0,154.9,0.13,200,0.7578125
124.30000000000001,154.2,0.01,150,0.7578125
124.30000000000001,154.2,0.01,150,0.7578125
122.30000000000001,155.9,0.17,250,0.7578125
122.30000000000001,155.9,0.17,250,0.7578125
124.7,154.7,0.31,150,0.75
124.7,154.7,0.31,150,0.7578125
124.7,154.7,0.31,150,0.7578125
124.0,154.1,0.25,150,0.75
124.0,154.1,0.25,150,0.7578125
124.0,154.1,0.25,150,0.7578125
125.0,153.5,0.33,150,0.7578125
125.0,153.5,0.33,150,0.7578125
123.30000000000001,155.2,0.25,300,0.7578125
123.30000000000001,155.2,0.25,300,0.125
123.30000000000001,155.2,0.25,300,0.7578125
123.30000000000001,155.2,0.25,300,0.75
123.30000000000001,155.2,0.25,300,0.7578125
123.30000000000001,155.2,0.25,300,-1.0
122.5,155.6,0.22,300,0.7578125
122.5,155.6,0.22,300,0.7578125
124.60000000000001,156.7,0.79,300,0.7578125
124.60000000000001,156.7,0.79,300,0.7578125
122.80000000000001,155.2,0.2,300,0.1171875
122.80000000000001,155.2,0.2,300,-1.0
122.80000000000001,155.2,0.2,300,0.7578125
122.80000000000001,155.2,0.2,300,0.7578125
122.80000000000001,155.2,0.2,300,0.7578125
123.10000000000001,157.1,0.66,300,0.7578125
123.10000000000001,157.1,0.66,300,0.7578125
122.5,155.0,0.38,350,0.7421875
122.5,155.0,0.38,350,0.7578125
122.5,155.0,0.38,350,0.75
122.5,155.0,0.38,350,0.7578125
122.9,155.29999999999998,0.12,250,0.7578125
122.9,155.29999999999998,0.12,250,0.1484375
122.9,155.29999999999998,0.12,250,0.7578125
122.9,155.29999999999998,0.12,250,0.7578125
122.9,155.29999999999998,0.12,250,0.7578125
122.10000000000001,154.4,0.22,350,-1.0
122.10000000000001,154.4,0.22,350,0.7578125
123.10000000000001,155.2,0.24,300,0.7578125
123.10000000000001,155.2,0.24,300,0.7578125
122.9,155.7,0.35000000000000003,350,0.7578125
122.9,155.7,0.35000000000000003,350,0.7578125
122.7,154.79999999999998,0.47000000000000003,350,0.7578125
122.7,154.79999999999998,0.47000000000000003,350,0.7578125
122.7,155.79999999999998,0.23,250,0.7578125
122.7,155.79999999999998,0.23,250,0.7578125
122.30000000000001,155.5,0.03,300,0.7578125
122.30000000000001,155.5,0.03,300,-1.0
121.4,155.4,0.54,350,0.7578125
121.4,155.4,0.54,350,0.7578125
123.2,154.9,0.23,250,-1.0
123.2,154.9,0.23,250,0.7578125
122.30000000000001,155.2,0.5,250,0.7578125
122.30000000000001,155.2,0.5,250,0.7578125
123.0,154.79999999999998,0.16,300,0.75
123.0,154.79999999999998,0.16,300,0.7578125
123.0,154.79999999999998,0.16,300,0.7578125
122.0,154.6,0.08,250,0.7578125
122.0,154.6,0.08,250,0.7578125
123.7,155.29999999999998,0.17,300,0.7578125
123.7,155.29999999999998,0.17,300,0.7578125
122.80000000000001,155.2,0.07,350,0.7578125
122.80000000000001,155.2,0.07,350,-1.0
123.2,155.4,0.38,300,0.7578125
123.2,155.4,0.38,300,0.7578125
122.7,155.1,0.25,350,0.7578125
122.7,155.1,0.25,350,-1.0
124.80000000000001,153.6,0.8,300,0.7578125
124.80000000000001,153.6,0.8,300,0.7578125
123.2,155.0,0.11,150,0.7578125
123.2,155.0,0.11,150,0.7578125
123.0,155.2,0.0,250,0.7578125
123.0,155.2,0.0,250,0.7578125
124.60000000000001,156.79999999999998,0.21,350,0.7421875
124.60000000000001,156.79999999999998,0.21,350,-1.0
124.60000000000001,156.79999999999998,0.21,350,0.7578125
124.10000000000001,156.5,0.2,350,-1.0
124.10000000000001,156.5,0.2,350,-1.0
123.80000000000001,156.6,0.35000000000000003,350,0.7578125
123.80000000000001,156.6,0.35000000000000003,350,0.7578125
124.7,157.0,0.23,350,0.7578125
124.7,157.0,0.23,350,0.7578125
123.9,154.5,0.32,300,0.7578125
123.9,154.5,0.32,300,0.75
123.9,154.5,0.32,300,0.7578125
124.4,156.2,0.27,300,0.7578125
124.4,156.2,0.27,300,0.7578125
125.0,156.4,0.18,350,0.7578125
125.0,156.4,0.18,350,0.7578125
124.60000000000001,156.9,0.13,300,0.7578125
124.60000000000001,156.9,0.13,300,-1.0
122.30000000000001,155.2,0.42,350,0.75
122.30000000000001,155.2,0.42,350,0.7578125
122.30000000000001,155.2,0.42,350,-1.0
123.10000000000001,155.29999999999998,0.19,250,0.7578125
123.10000000000001,155.29999999999998,0.19,250,0.7578125
124.80000000000001,153.1,0.53,350,0.7578125
124.80000000000001,153.1,0.53,350,-1.0
123.2,155.2,0.13,250,0.765625
123.2,155.2,0.13,250,0.7578125
123.2,155.2,0.13,250,0.7578125
125.0,154.6,0.68,350,0.7578125
125.0,154.6,0.68,350,0.75
125.0,154.6,0.68,350,0.75
125.0,154.6,0.68,350,0.7578125
125.10000000000001,154.5,0.52,350,-1.0
125.10000000000001,154.5,0.52,350,0.7578125
123.9,153.4,0.21,150,0.7578125
123.9,153.4,0.21,150,0.75
123.9,153.4,0.21,150,0.7578125
124.9,155.0,0.61,350,0.7578125
124.9,155.0,0.61,350,0.7578125
125.0,154.9,0.77,300,-1.0
125.0,154.9,0.77,300,0.7578125
124.2,153.79999999999998,0.58,250,0.7578125
124.2,153.79999999999998,0.58,250,0.7578125
125.4,154.9,0.8300000000000001,350,0.7578125
125.4,154.9,0.8300000000000001,350,0.7578125
123.60000000000001,154.2,0.13,300,-1.0
123.60000000000001,154.2,0.13,300,0.75
123.60000000000001,154.2,0.13,300,0.75
123.60000000000001,154.2,0.13,300,0.7578125
124.0,154.5,0.14,150,0.7578125
124.0,154.5,0.14,150,0.7578125
124.10000000000001,154.7,0.61,350,-1.0
124.10000000000001,154.7,0.61,350,0.7578125
125.4,156.79999999999998,0.4,350,0.7578125
125.4,156.79999999999998,0.4,350,0.7578125
123.9,154.7,0.1,350,-1.0
123.9,154.7,0.1,350,-1.0
123.30000000000001,155.0,0.36,300,0.7578125
123.30000000000001,155.0,0.36,300,0.7578125
122.80000000000001,155.0,0.19,300,0.7578125
122.80000000000001,155.0,0.19,300,-1.0
123.30000000000001,154.1,0.19,300,0.7578125
123.30000000000001,154.1,0.19,300,0.75
123.30000000000001,154.1,0.19,300,0.7578125
123.10000000000001,153.1,0.23,350,0.75
123.10000000000001,153.1,0.23,350,0.7578125
123.10000000000001,153.1,0.23,350,0.7578125
124.60000000000001,154.6,0.33,200,0.7578125
124.60000000000001,154.6,0.33,200,0.7578125
123.9,154.1,0.06,250,0.7578125
123.9,154.1,0.06,250,0.7578125
121.60000000000001,156.9,0.5,250,0.7578125
121.60000000000001,156.9,0.5,250,0.7578125
124.60000000000001,154.2,0.09,150,0.7578125
124.60000000000001,154.2,0.09,150,0.7578125
123.80000000000001,154.79999999999998,0.07,250,0.7578125
123.80000000000001,154.79999999999998,0.07,250,0.7578125
123.60000000000001,153.79999999999998,0.1,300,0.7578125
123.60000000000001,153.79999999999998,0.1,300,0.7578125
124.80000000000001,153.6,0.47000000000000003,250,0.7578125
124.80000000000001,153.6,0.47000000000000003,250,0.7578125
123.80000000000001,154.5,0.08,300,-1.0
123.80000000000001,154.5,0.08,300,0.7578125
125.0,153.7,0.13,150,0.7578125
125.0,153.7,0.13,150,-1.0
123.4,153.29999999999998,0.53,350,0.7578125
123.4,153.29999999999998,0.53,350,0.7578125
124.9,154.2,0.36,150,0.7578125
124.9,154.2,0.36,150,0.75
124.9,154.2,0.36,150,0.7578125
124.30000000000001,154.4,0.27,150,0.75
124.30000000000001,154.4,0.27,150,0.7578125
124.30000000000001,154.4,0.27,150,0.75
124.30000000000001,154.4,0.27,150,0.7578125
123.60000000000001,156.9,0.98,150,0.7578125
123.60000000000001,156.9,0.98,150,0.7578125
124.80000000000001,153.79999999999998,0.86,350,0.7578125
124.80000000000001,153.79999999999998,0.86,350,0.7578125
125.30000000000001,154.1,0.12,300,0.7578125
125.30000000000001,154.1,0.12,300,0.7578125
124.4,156.6,0.03,350,-1.0
124.4,156.6,0.03,350,-1.0
124.2,155.0,0.17,150,0.7578125
124.2,155.0,0.17,150,0.75
124.2,155.0,0.17,150,0.7578125
124.5,153.6,0.27,200,0.75
124.5,153.6,0.27,200,0.7578125
124.5,153.6,0.27,200,0.7578125
123.80000000000001,154.29999999999998,0.27,150,0.7578125
123.80000000000001,154.29999999999998,0.27,150,0.7578125
124.5,154.5,0.41000000000000003,150,0.7578125
124.5,154.5,0.41000000000000003,150,0.75
124.5,154.5,0.41000000000000003,150,0.7578125
124.9,154.0,0.22,150,0.7578125
124.9,154.0,0.22,150,0.7578125
121.7,155.29999999999998,0.29,350,0.7578125
121.7,155.29999999999998,0.29,350,0.7578125
124.5,154.5,0.71,350,0.7578125
124.5,154.5,0.71,350,0.7578125
121.60000000000001,154.9,0.35000000000000003,150,0.7578125
121.60000000000001,154.9,0.35000000000000003,150,0.7578125
123.2,153.4,0.01,150,0.7578125
123.2,153.4,0.01,150,0.7578125
124.10000000000001,154.1,0.05,150,0.7578125
124.10000000000001,154.1,0.05,150,0.7578125
123.10000000000001,154.29999999999998,0.14,250,0.7578125
123.10000000000001,154.29999999999998,0.14,250,0.75
123.10000000000001,154.29999999999998,0.14,250,0.7578125
124.5,154.7,0.15,150,0.7578125
124.5,154.7,0.15,150,0.75
124.5,154.7,0.15,150,0.7578125
125.10000000000001,153.2,0.7000000000000001,250,0.7578125
125.10000000000001,153.2,0.7000000000000001,250,0.7578125
124.30000000000001,154.2,0.21,200,0.75
124.30000000000001,154.2,0.21,200,0.7578125
124.30000000000001,154.2,0.21,200,0.7578125
124.30000000000001,153.79999999999998,0.3,150,0.7578125
124.30000000000001,153.79999999999998,0.3,150,0.7578125
123.0,156.1,0.09,250,0.7578125
123.0,156.1,0.09,250,0.7578125
122.80000000000001,154.9,0.24,200,0.7578125
122.80000000000001,154.9,0.24,200,0.7578125
123.4,156.0,0.41000000000000003,250,0.7578125
123.4,156.0,0.41000000000000003,250,0.7578125
122.4,154.0,0.47000000000000003,350,0.7578125
122.4,154.0,0.47000000000000003,350,0.7578125
125.2,155.0,0.29,150,0.7578125
125.2,155.0,0.29,150,0.7578125
124.30000000000001,154.1,0.21,150,0.7578125
124.30000000000001,154.1,0.21,150,0.7578125
124.10000000000001,155.6,0.27,150,0.7578125
124.10000000000001,155.6,0.27,150,0.7578125
122.5,155.29999999999998,0.08,250,0.7578125
122.5,155.29999999999998,0.08,250,0.7578125
123.9,154.2,0.49,200,0.7578125
123.9,154.2,0.49,200,0.7578125
123.2,155.6,0.23,300,0.7578125
123.2,155.6,0.23,300,0.7578125
124.7,154.0,0.66,350,0.7578125
124.7,154.0,0.66,350,0.7578125
124.7,154.5,0.24,150,0.7578125
124.7,154.5,0.24,150,0.75
124.7,154.5,0.24,150,0.7578125
124.60000000000001,157.1,0.23,350,-1.0
124.60000000000001,157.1,0.23,350,0.7578125
122.80000000000001,153.4,0.91,200,0.7578125
122.80000000000001,153.4,0.91,200,0.7578125
124.80000000000001,154.1,0.27,200,0.75
124.80000000000001,154.1,0.27,200,0.7578125
124.80000000000001,154.1,0.27,200,0.7578125
122.60000000000001,155.1,0.31,250,0.7578125
122.60000000000001,155.1,0.31,250,0.7578125
125.4,154.5,0.63,300,0.7578125
125.4,154.5,0.63,300,0.7578125
123.2,155.4,0.03,300,0.7578125
123.2,155.4,0.03,300,0.7578125
123.60000000000001,154.9,0.0,150,0.7578125
123.60000000000001,154.9,0.0,150,0.75
123.60000000000001,154.9,0.0,150,0.75
123.60000000000001,154.9,0.0,150,0.7578125
123.30000000000001,154.6,0.1,150,0.75
123.30000000000001,154.6,0.1,150,0.7578125
123.30000000000001,154.6,0.1,150,0.7578125
122.7,154.6,0.04,150,0.7578125
122.7,154.6,0.04,150,0.7578125
123.10000000000001,154.7,0.32,350,-1.0
123.10000000000001,154.7,0.32,350,0.7578125
124.0,155.0,0.02,200,-1.0
124.0,155.0,0.02,200,0.7578125
123.5,155.4,0.0,150,0.7578125
123.5,155.4,0.0,150,0.7578125
123.5,155.0,0.28,300,0.7578125
123.5,155.0,0.28,300,0.75
123.5,155.0,0.28,300,0.7578125
123.4,154.79999999999998,0.02,150,0.7578125
123.4,154.79999999999998,0.02,150,0.7578125
124.80000000000001,154.29999999999998,0.01,150,0.7578125
124.80000000000001,154.29999999999998,0.01,150,0.7578125
123.9,154.4,0.07,150,0.7578125
123.9,154.4,0.07,150,0.75
123.9,154.4,0.07,150,0.7578125
123.80000000000001,155.7,0.01,200,0.7578125
123.80000000000001,155.7,0.01,200,0.75
123.80000000000001,155.7,0.01,200,-1.0
122.4,155.0,0.41000000000000003,300,0.7578125
122.4,155.0,0.41000000000000003,300,0.7578125
123.9,154.29999999999998,0.0,200,0.7578125
123.9,154.29999999999998,0.0,200,0.7578125
123.30000000000001,155.4,0.14,250,0.7578125
123.30000000000001,155.4,0.14,250,0.7578125
122.30000000000001,153.6,0.4,250,0.7578125
122.30000000000001,153.6,0.4,250,0.7578125
122.7,156.1,0.36,300,0.7578125
122.7,156.1,0.36,300,0.7578125
123.5,154.9,0.19,250,0.7578125
123.5,154.9,0.19,250,0.7578125
124.4,154.0,0.58,300,0.7578125
124.4,154.0,0.58,300,0.7578125
124.10000000000001,153.2,0.68,200,0.75
124.10000000000001,153.2,0.68,200,0.7578125
124.10000000000001,153.2,0.68,200,0.7578125
124.2,153.6,0.21,150,0.7578125
124.2,153.6,0.21,150,0.75
124.2,153.6,0.21,150,0.7578125
124.0,153.5,0.65,350,0.7578125
124.0,153.5,0.65,350,0.7578125
124.60000000000001,156.4,0.26,350,0.7578125
124.60000000000001,156.4,0.26,350,0.7578125
125.30000000000001,154.6,0.65,350,0.7578125
125.30000000000001,154.6,0.65,350,0.7578125
123.80000000000001,153.9,0.21,200,0.7578125
123.80000000000001,153.9,0.21,200,0.7578125
122.7,155.4,0.62,350,0.7578125
122.7,155.4,0.62,350,0.7578125
124.60000000000001,155.29999999999998,0.86,350,0.7578125
124.60000000000001,155.29999999999998,0.86,350,0.7578125
123.9,155.1,0.39,200,0.7578125
123.9,155.1,0.39,200,0.7578125
124.5,153.29999999999998,0.06,200,0.7578125
124.5,153.29999999999998,0.06,200,0.7578125
124.2,154.4,0.33,150,0.7578125
124.2,154.4,0.33,150,0.7578125
123.10000000000001,154.29999999999998,0.03,300,0.7421875
123.10000000000001,154.29999999999998,0.03,300,-1.0
123.10000000000001,154.29999999999998,0.03,300,0.7578125
123.2,154.0,0.19,300,0.75
123.2,154.0,0.19,300,0.75
123.2,154.0,0.19,300,0.7578125
123.2,154.0,0.19,300,0.7578125
123.7,153.9,0.27,300,0.7578125
123.7,153.9,0.27,300,0.7578125
123.30000000000001,155.0,0.15,300,0.7578125
123.30000000000001,155.0,0.15,300,0.75
123.30000000000001,155.0,0.15,300,-1.0
122.10000000000001,153.79999999999998,0.16,300,0.7578125
122.10000000000001,153.79999999999998,0.16,300,0.7578125
123.10000000000001,154.4,0.04,350,-1.0
123.10000000000001,154.4,0.04,350,-1.0
123.0,153.79999999999998,0.22,300,0.7578125
123.0,153.79999999999998,0.22,300,0.7578125
122.5,154.4,0.02,300,-1.0
122.5,154.4,0.02,300,0.7578125
122.7,154.4,0.28,300,0.75
122.7,154.4,0.28,300,0.7578125
122.7,154.4,0.28,300,0.7578125
123.0,154.4,0.04,300,0.7578125
123.0,154.4,0.04,300,0.7578125
125.0,154.29999999999998,0.15,200,0.7578125
125.0,154.29999999999998,0.15,200,0.7578125
124.4,153.9,0.38,200,0.7578125
124.4,153.9,0.38,200,0.7578125
122.9,153.2,0.06,300,0.7578125
122.9,153.2,0.06,300,-1.0
122.80000000000001,153.9,0.12,250,0.7578125
122.80000000000001,153.9,0.12,250,0.7578125
124.0,153.2,0.12,300,0.7578125
124.0,153.2,0.12,300,0.7578125
124.60000000000001,154.4,0.21,150,0.7578125
124.60000000000001,154.4,0.21,150,0.7578125
123.10000000000001,154.5,0.6900000000000001,150,0.7578125
123.10000000000001,154.5,0.6900000000000001,150,0.7578125
122.7,155.0,0.23,300,0.75
122.7,155.0,0.23,300,0.7578125
122.7,155.0,0.23,300,0.75
122.7,155.0,0.23,300,-1.0
122.80000000000001,154.79999999999998,0.18,300,-1.0
122.80000000000001,154.79999999999998,0.18,300,0.7578125
121.80000000000001,155.0,0.21,300,0.7578125
121.80000000000001,155.0,0.21,300,0.7578125
124.2,154.4,0.16,300,-1.0
124.2,154.4,0.16,300,0.7578125
123.0,154.6,0.5,300,0.7578125
123.0,154.6,0.5,300,0.7578125
122.7,155.2,0.25,300,-1.0
122.7,155.2,0.25,300,0.7578125
123.0,154.0,0.06,300,0.7578125
123.0,154.0,0.06,300,0.7578125
123.80000000000001,156.1,0.09,350,-1.0
123.80000000000001,156.1,0.09,350,-1.0
123.5,154.2,0.11,300,0.7578125
123.5,154.2,0.11,300,0.7578125
124.60000000000001,153.7,0.15,150,0.75
124.60000000000001,153.7,0.15,150,0.75
124.60000000000001,153.7,0.15,150,0.7578125
124.60000000000001,153.7,0.15,150,0.7578125
122.5,155.5,0.33,350,0.7578125
122.5,155.5,0.33,350,0.7578125
122.60000000000001,155.2,0.2,250,0.7578125
122.60000000000001,155.2,0.2,250,0.7578125
124.7,153.9,0.27,150,0.7578125
124.7,153.9,0.27,150,0.75
124.7,153.9,0.27,150,0.7578125
124.5,153.29999999999998,0.07,150,0.7578125
124.5,153.29999999999998,0.07,150,0.7578125
124.10000000000001,156.7,0.3,350,0.7578125
124.10000000000001,156.7,0.3,350,0.7578125
123.9,153.79999999999998,0.08,150,0.7578125
123.9,153.79999999999998,0.08,150,0.75
123.9,153.79999999999998,0.08,150,0.7578125
124.80000000000001,153.9,0.04,150,0.7578125
124.80000000000001,153.9,0.04,150,0.7578125
122.4,154.9,0.25,300,0.75
122.4,154.9,0.25,300,0.7578125
122.4,154.9,0.25,300,-1.0
122.80000000000001,155.7,0.3,300,0.7578125
122.80000000000001,155.7,0.3,300,0.7578125
124.60000000000001,155.29999999999998,0.2,350,-1.0
124.60000000000001,155.29999999999998,0.2,350,0.7578125
124.9,156.9,0.12,350,0.7421875
124.9,156.9,0.12,350,0.125
124.9,156.9,0.12,350,-1.0
124.9,156.9,0.12,350,0.7578125
124.9,156.9,0.12,350,0.7578125
124.9,156.9,0.12,350,-1.0
124.30000000000001,156.9,0.14,350,0.7578125
124.30000000000001,156.9,0.14,350,0.7578125
124.60000000000001,156.9,0.07,350,0.1328125
124.60000000000001,156.9,0.07,350,0.7578125
124.60000000000001,156.9,0.07,350,-1.0
124.60000000000001,156.9,0.07,350,0.109375
124.60000000000001,156.9,0.07,350,0.7578125
124.60000000000001,156.9,0.07,350,-1.0
124.60000000000001,156.9,0.07,350,0.7578125
124.60000000000001,156.9,0.07,350,0.7578125
125.30000000000001,156.5,0.3,350,0.7578125
125.30000000000001,156.5,0.3,350,0.7578125
124.80000000000001,157.0,0.09,350,0.7421875
124.80000000000001,157.0,0.09,350,0.7578125
124.80000000000001,157.0,0.09,350,-1.0
125.10000000000001,156.7,0.18,350,0.7578125
125.10000000000001,156.7,0.18,350,0.75
125.10000000000001,156.7,0.18,350,0.125
125.10000000000001,156.7,0.18,350,0.7578125
125.10000000000001,156.7,0.18,350,0.7578125
125.10000000000001,156.7,0.18,350,-1.0
124.7,156.6,0.03,350,-1.0
124.7,156.6,0.03,350,-1.0
125.0,156.2,0.03,350,-1.0
125.0,156.2,0.03,350,0.1015625
125.0,156.2,0.03,350,0.7578125
125.0,156.2,0.03,350,-1.0
125.0,156.2,0.03,350,-1.0
125.4,157.0,0.08,350,0.7578125
125.4,157.0,0.08,350,-1.0
124.60000000000001,157.1,0.01,300,0.7578125
124.60000000000001,157.1,0.01,300,0.7578125
124.4,157.0,0.11,350,0.7578125
124.4,157.0,0.11,350,0.7578125
125.10000000000001,156.29999999999998,0.13,350,0.7578125
125.10000000000001,156.29999999999998,0.13,350,0.7578125
125.30000000000001,156.2,0.05,350,-1.0
125.30000000000001,156.2,0.05,350,0.7578125
124.60000000000001,157.1,0.11,350,0.7578125
124.60000000000001,157.1,0.11,350,0.75
124.60000000000001,157.1,0.11,350,0.6171875
124.60000000000001,157.1,0.11,350,0.7578125
124.80000000000001,155.6,0.0,300,-1.0
124.80000000000001,155.6,0.0,300,0.7578125
125.30000000000001,157.1,0.08,350,0.7578125
125.30000000000001,157.1,0.08,350,0.7578125
124.9,156.4,0.06,350,-1.0
124.9,156.4,0.06,350,-1.0
125.2,157.1,0.23,350,0.7578125
125.2,157.1,0.23,350,-1.0
124.9,156.7,0.21,300,-1.0
124.9,156.7,0.21,300,0.7578125
124.2,157.0,0.11,350,0.75
124.2,157.0,0.11,350,0.7578125
124.2,157.0,0.11,350,0.7578125
124.30000000000001,157.1,0.41000000000000003,300,0.7578125
124.30000000000001,157.1,0.41000000000000003,300,0.7578125
125.10000000000001,156.4,0.12,300,0.75
125.10000000000001,156.4,0.12,300,-1.0
125.10000000000001,156.4,0.12,300,-1.0
124.9,156.9,0.0,350,0.7578125
124.9,156.9,0.0,350,0.7578125
124.80000000000001,156.1,0.13,350,-1.0
124.80000000000001,156.1,0.13,350,0.1171875
124.80000000000001,156.1,0.13,350,-1.0
124.80000000000001,156.1,0.13,350,0.7578125
124.80000000000001,156.1,0.13,350,-1.0
124.4,156.0,0.1,350,-1.0
124.4,156.0,0.1,350,-1.0
124.2,156.4,0.09,300,-1.0
124.2,156.4,0.09,300,-1.0
125.30000000000001,154.9,0.08,350,-1.0
125.30000000000001,154.9,0.08,350,-1.0
124.9,157.0,0.08,300,0.7578125
124.9,157.0,0.08,300,0.7578125
123.0,157.1,0.04,350,0.7578125
123.0,157.1,0.04,350,0.7578125
124.60000000000001,156.7,0.15,350,-1.0
124.60000000000001,156.7,0.15,350,0.7578125
124.7,155.6,0.08,350,-1.0
124.7,155.6,0.08,350,0.7578125
125.4,156.5,0.23,350,0.75
125.4,156.5,0.23,350,0.7578125
125.4,156.5,0.23,350,0.75
125.4,156.5,0.23,350,0.7578125
124.9,157.0,0.06,350,0.7578125
124.9,157.0,0.06,350,-1.0
121.7,155.79999999999998,0.04,200,0.7578125
121.7,155.79999999999998,0.04,200,0.7578125
125.30000000000001,155.9,0.09,350,0.7578125
125.30000000000001,155.9,0.09,350,0.7578125
124.7,155.79999999999998,0.43,350,-1.0
124.7,155.79999999999998,0.43,350,0.7578125
124.5,156.29999999999998,0.18,350,0.75
124.5,156.29999999999998,0.18,350,0.125
124.5,156.29999999999998,0.18,350,0.7578125
124.5,156.29999999999998,0.18,350,0.75
124.5,156.29999999999998,0.18,350,0.7578125
124.5,156.29999999999998,0.18,350,-1.0
124.5,156.29999999999998,0.18,350,-1.0
124.5,156.9,0.19,350,0.7578125
124.5,156.9,0.19,350,0.7578125
124.10000000000001,156.0,0.21,350,-1.0
124.10000000000001,156.0,0.21,350,-1.0
124.60000000000001,156.9,0.2,350,0.7578125
124.60000000000001,156.9,0.2,350,-1.0
124.2,157.1,0.03,350,0.7578125
124.2,157.1,0.03,350,0.7578125
124.80000000000001,156.5,0.31,350,0.7578125
124.80000000000001,156.5,0.31,350,0.7578125
123.4,155.4,0.32,250,0.7578125
123.4,155.4,0.32,250,0.7578125
124.7,156.0,0.11,350,0.7578125
124.7,156.0,0.11,350,0.7578125
125.0,156.5,0.18,350,0.7578125
125.0,156.5,0.18,350,-1.0
124.60000000000001,156.7,0.15,350,-1.0
124.60000000000001,156.7,0.15,350,-1.0
124.30000000000001,156.4,0.01,350,-1.0
124.30000000000001,156.4,0.01,350,-1.0
125.0,155.9,0.15,300,0.7578125
125.0,155.9,0.15,300,0.7578125
124.60000000000001,156.0,0.24,350,-1.0
124.60000000000001,156.0,0.24,350,-1.0
122.9,154.9,0.1,250,0.7578125
122.9,154.9,0.1,250,0.7578125
124.80000000000001,156.6,0.18,350,0.1171875
124.80000000000001,156.6,0.18,350,0.7578125
124.80000000000001,156.6,0.18,350,-1.0
124.80000000000001,156.6,0.18,350,-1.0
124.80000000000001,156.6,0.18,350,-1.0
125.0,156.5,0.15,350,0.7578125
125.0,156.5,0.15,350,0.1484375
125.0,156.5,0.15,350,-1.0
125.0,156.5,0.15,350,-1.0
125.0,156.5,0.15,350,-1.0
124.60000000000001,157.1,0.25,300,-1.0
124.60000000000001,157.1,0.25,300,0.7578125
124.9,156.6,0.14,350,-1.0
124.9,156.6,0.14,350,0.7578125
125.30000000000001,156.6,0.3,300,0.7578125
125.30000000000001,156.6,0.3,300,0.7578125
124.80000000000001,155.6,0.0,350,0.7578125
124.80000000000001,155.6,0.0,350,0.7578125
125.30000000000001,156.6,0.01,300,0.7578125
125.30000000000001,156.6,0.01,300,-1.0
124.60000000000001,156.5,0.29,350,0.7578125
124.60000000000001,156.5,0.29,350,0.7578125
122.10000000000001,154.7,0.41000000000000003,350,0.75
122.10000000000001,154.7,0.41000000000000003,350,0.7578125
122.10000000000001,154.7,0.41000000000000003,350,0.7578125
124.80000000000001,157.1,0.17,350,0.75
124.80000000000001,157.1,0.17,350,0.7578125
124.80000000000001,157.1,0.17,350,0.7578125
124.80000000000001,156.1,0.18,350,0.7578125
124.80000000000001,156.1,0.18,350,0.7578125
125.10000000000001,156.6,0.15,350,0.7578125
125.10000000000001,156.6,0.15,350,0.7578125
125.30000000000001,156.7,0.02,150,0.7578125
125.30000000000001,156.7,0.02,150,0.7578125
124.60000000000001,156.0,0.19,350,0.7578125
124.60000000000001,156.0,0.19,350,-1.0
125.0,156.7,0.02,350,0.7578125
125.0,156.7,0.02,350,-1.0
123.5,155.9,0.18,300,0.7578125
123.5,155.9,0.18,300,0.7578125
124.5,156.4,0.15,350,-1.0
124.5,156.4,0.15,350,0.7578125
124.7,156.4,0.01,350,0.7578125
124.7,156.4,0.01,350,0.7578125
121.5,153.79999999999998,0.67,250,0.7578125
121.5,153.79999999999998,0.67,250,0.7578125
124.4,156.2,0.16,300,0.7421875
124.4,156.2,0.16,300,0.7578125
124.4,156.2,0.16,300,0.7578125
124.60000000000001,156.1,0.06,250,-1.0
124.60000000000001,156.1,0.06,250,0.75
124.60000000000001,156.1,0.06,250,0.125
124.60000000000001,156.1,0.06,250,0.75
124.60000000000001,156.1,0.06,250,0.75
124.60000000000001,156.1,0.06,250,0.1328125
124.60000000000001,156.1,0.06,250,-1.0
124.60000000000001,156.1,0.06,250,0.7578125
124.60000000000001,156.1,0.06,250,-1.0
124.60000000000001,156.1,0.06,250,0.7578125
124.60000000000001,156.1,0.06,250,0.7578125
124.0,156.1,0.09,250,0.7578125
124.0,156.1,0.09,250,0.7578125
123.9,156.5,0.14,300,-1.0
123.9,156.5,0.14,300,-1.0
124.4,156.4,0.13,300,0.7578125
124.4,156.4,0.13,300,-1.0
123.80000000000001,155.29999999999998,0.29,300,0.7578125
123.80000000000001,155.29999999999998,0.29,300,-1.0
125.10000000000001,155.6,0.25,250,0.7578125
125.10000000000001,155.6,0.25,250,0.7578125
124.4,155.4,0.21,250,0.7578125
124.4,155.4,0.21,250,0.7578125
124.5,156.0,0.21,250,0.75
124.5,156.0,0.21,250,0.7578125
124.5,156.0,0.21,250,0.7578125
124.5,156.0,0.4,300,-1.0
124.5,156.0,0.4,300,0.7578125
123.9,157.0,0.23,350,0.75
123.9,157.0,0.23,350,0.75
123.9,157.0,0.23,350,0.7578125
123.9,157.0,0.23,350,0.75
123.9,157.0,0.23,350,0.7578125
125.10000000000001,156.0,0.17,200,0.7578125
125.10000000000001,156.0,0.17,200,0.7578125
124.60000000000001,156.2,0.18,250,-1.0
124.60000000000001,156.2,0.18,250,0.7578125
125.2,156.7,0.23,350,-1.0
125.2,156.7,0.23,350,-1.0
123.30000000000001,155.9,0.91,200,0.7578125
123.30000000000001,155.9,0.91,200,0.7578125
124.60000000000001,157.0,0.05,350,0.7578125
124.60000000000001,157.0,0.05,350,-1.0
124.80000000000001,156.9,0.32,350,0.7578125
124.80000000000001,156.9,0.32,350,-1.0
124.4,155.9,0.06,300,0.7578125
124.4,155.9,0.06,300,0.7578125
124.9,156.1,0.04,300,-1.0
124.9,156.1,0.04,300,0.7578125
122.4,155.6,0.27,200,0.7578125
122.4,155.6,0.27,200,0.7578125
122.9,156.1,0.17,350,0.7578125
122.9,156.1,0.17,350,0.7578125
124.5,155.79999999999998,0.04,250,0.7578125
124.5,155.79999999999998,0.04,250,0.7578125
125.10000000000001,156.1,0.16,350,0.7578125
125.10000000000001,156.1,0.16,350,0.7578125
122.7,155.4,0.15,250,0.7578125
122.7,155.4,0.15,250,0.7578125
125.4,156.4,0.02,350,-1.0
125.4,156.4,0.02,350,-1.0
124.10000000000001,156.2,0.21,350,0.7578125
124.10000000000001,156.2,0.21,350,-1.0
124.0,156.79999999999998,0.15,250,0.7578125
124.0,156.79999999999998,0.15,250,0.7578125
123.5,155.6,0.52,350,0.7578125
123.5,155.6,0.52,350,0.7578125
124.80000000000001,156.2,0.02,200,0.7578125
124.80000000000001,156.2,0.02,200,0.7578125
124.60000000000001,157.1,0.15,350,0.7578125
124.60000000000001,157.1,0.15,350,0.7578125
124.9,156.1,0.27,300,-1.0
124.9,156.1,0.27,300,0.7578125
124.30000000000001,156.5,0.31,300,-1.0
124.30000000000001,156.5,0.31,300,0.7578125
125.10000000000001,156.7,0.19,300,0.7578125
125.10000000000001,156.7,0.19,300,-1.0
124.5,156.29999999999998,0.2,350,-1.0
124.5,156.29999999999998,0.2,350,0.75
124.5,156.29999999999998,0.2,350,-1.0
123.9,156.4,0.01,350,-1.0
123.9,156.4,0.01,350,0.7578125
123.2,153.79999999999998,0.35000000000000003,150,0.7578125
123.2,153.79999999999998,0.35000000000000003,150,0.7578125
124.30000000000001,156.7,0.61,350,0.7578125
124.30000000000001,156.7,0.61,350,0.7578125
123.10000000000001,155.29999999999998,0.32,250,0.7578125
123.10000000000001,155.29999999999998,0.32,250,0.7578125
123.2,155.1,0.33,300,0.7578125
123.2,155.1,0.33,300,0.7578125
122.60000000000001,156.0,0.16,300,0.7578125
122.60000000000001,156.0,0.16,300,0.7578125
124.4,156.5,0.09,300,0.7578125
124.4,156.5,0.09,300,0.15625
124.4,156.5,0.09,300,0.7578125
124.4,156.5,0.09,300,0.7578125
124.4,156.5,0.09,300,0.1328125
124.4,156.5,0.09,300,0.7578125
124.4,156.5,0.09,300,0.7578125
124.4,156.5,0.09,300,0.125
124.4,156.5,0.09,300,0.7578125
124.4,156.5,0.09,300,-1.0
124.4,156.5,0.09,300,0.75
124.4,156.5,0.09,300,0.7578125
124.10000000000001,156.7,0.13,300,0.7578125
124.10000000000001,156.7,0.13,300,0.75
124.10000000000001,156.7,0.13,300,0.7578125
124.4,157.0,0.03,250,0.7578125
124.4,157.0,0.03,250,0.7578125
124.9,157.1,0.22,300,-1.0
124.9,157.1,0.22,300,0.7578125
124.60000000000001,156.5,0.13,300,0.7578125
124.60000000000001,156.5,0.13,300,0.1171875
124.60000000000001,156.5,0.13,300,0.7578125
124.60000000000001,156.5,0.13,300,-1.0
124.60000000000001,156.5,0.13,300,-1.0
124.5,156.2,0.11,300,0.7578125
124.5,156.2,0.11,300,0.7578125
124.60000000000001,156.2,0.19,300,0.7578125
124.60000000000001,156.2,0.19,300,-1.0
124.4,156.5,0.1,300,0.7578125
124.4,156.5,0.1,300,0.75
124.4,156.5,0.1,300,0.7578125
124.5,156.2,0.0,350,-1.0
124.5,156.2,0.0,350,0.7578125
124.7,157.1,0.35000000000000003,350,0.75
124.7,157.1,0.35000000000000003,350,-1.0
124.7,157.1,0.35000000000000003,350,0.7578125
125.4,157.1,0.15,300,0.7578125
125.4,157.1,0.15,300,0.7578125
124.5,156.7,0.21,300,-1.0
124.5,156.7,0.21,300,0.7578125
124.7,156.4,0.06,300,0.7578125
124.7,156.4,0.06,300,-1.0
124.80000000000001,155.9,0.03,250,0.7578125
124.80000000000001,155.9,0.03,250,0.75
124.80000000000001,155.9,0.03,250,0.125
124.80000000000001,155.9,0.03,250,0.75
124.80000000000001,155.9,0.03,250,-1.0
124.80000000000001,155.9,0.03,250,0.1171875
124.80000000000001,155.9,0.03,250,-1.0
124.80000000000001,155.9,0.03,250,0.7578125
124.80000000000001,155.9,0.03,250,0.7578125
124.80000000000001,155.9,0.03,250,0.75
124.80000000000001,155.9,0.03,250,0.7578125
125.30000000000001,155.4,0.06,300,-1.0
125.30000000000001,155.4,0.06,300,0.7578125
122.5,156.79999999999998,0.3,250,0.7578125
122.5,156.79999999999998,0.3,250,0.7578125
123.4,155.7,0.1,250,0.7578125
123.4,155.7,0.1,250,0.7578125
125.0,155.7,0.12,250,0.7578125
125.0,155.7,0.12,250,0.7578125
125.0,156.5,0.17,250,-1.0
125.0,156.5,0.17,250,0.7578125
125.4,156.2,0.02,250,0.75
125.4,156.2,0.02,250,-1.0
125.4,156.2,0.02,250,0.7578125
125.2,155.7,0.28,350,-1.0
125.2,155.7,0.28,350,0.7578125
124.10000000000001,156.5,0.0,250,0.75
124.10000000000001,156.5,0.0,250,-1.0
124.10000000000001,156.5,0.0,250,0.7578125
124.7,155.29999999999998,0.07,250,-1.0
124.7,155.29999999999998,0.07,250,0.7578125
124.4,157.1,0.01,350,0.7578125
124.4,157.1,0.01,350,-1.0
124.5,157.0,0.22,350,0.7578125
124.5,157.0,0.22,350,0.7578125
125.10000000000001,156.6,0.13,350,-1.0
125.10000000000001,156.6,0.13,350,0.7578125
125.10000000000001,156.5,0.22,350,-1.0
125.10000000000001,156.5,0.22,350,0.7578125
123.4,155.2,0.6,250,0.7578125
123.4,155.2,0.6,250,0.7578125
123.4,155.1,0.18,350,-1.0
123.4,155.1,0.18,350,-1.0
124.10000000000001,155.79999999999998,0.02,250,0.7578125
124.10000000000001,155.79999999999998,0.02,250,0.7578125
122.60000000000001,155.2,0.46,350,-1.0
122.60000000000001,155.2,0.46,350,0.7578125
123.4,154.9,1.0,150,0.7578125
123.4,154.9,1.0,150,0.7578125
122.4,154.9,0.02,200,0.75
122.4,154.9,0.02,200,-1.0
122.4,154.9,0.02,200,0.7578125
122.30000000000001,154.7,0.19,250,0.7578125
122.30000000000001,154.7,0.19,250,0.7578125
124.80000000000001,156.6,0.11,350,-1.0
124.80000000000001,156.6,0.11,350,-1.0
122.80000000000001,155.4,0.2,300,0.7578125
122.80000000000001,155.4,0.2,300,0.7578125
123.2,154.79999999999998,0.22,250,0.75
123.2,154.79999999999998,0.22,250,0.7578125
123.2,154.79999999999998,0.22,250,0.7578125
124.9,155.7,0.03,250,-1.0
124.9,155.7,0.03,250,0.7578125
125.4,157.1,0.17,350,0.7578125
125.4,157.1,0.17,350,0.7578125
123.30000000000001,154.5,0.01,300,-1.0
123.30000000000001,154.5,0.01,300,0.75
123.30000000000001,154.5,0.01,300,-1.0
124.5,156.1,0.16,350,0.7578125
124.5,156.1,0.16,350,0.7578125
124.7,157.0,0.13,350,0.7578125
124.7,157.0,0.13,350,-1.0
123.5,155.5,0.13,300,-1.0
123.5,155.5,0.13,300,-1.0
125.10000000000001,156.29999999999998,0.01,300,-1.0
125.10000000000001,156.29999999999998,0.01,300,-1.0
124.9,156.79999999999998,0.0,350,0.7578125
124.9,156.79999999999998,0.0,350,-1.0
124.60000000000001,156.4,0.28,350,0.75
124.60000000000001,156.4,0.28,350,0.7578125
124.60000000000001,156.4,0.28,350,-1.0
124.0,156.9,0.07,300,0.7578125
124.0,156.9,0.07,300,0.7578125
123.4,155.1,0.19,250,0.7578125
123.4,155.1,0.19,250,0.7578125
122.0,155.6,0.27,300,0.7578125
122.0,155.6,0.27,300,0.7578125
123.2,155.29999999999998,0.31,350,0.7578125
123.2,155.29999999999998,0.31,350,0.7578125
124.9,156.5,0.01,250,0.75
124.9,156.5,0.01,250,0.7578125
124.9,156.5,0.01,250,0.7578125
124.30000000000001,156.5,0.13,350,-1.0
124.30000000000001,156.5,0.13,350,-1.0
122.7,155.7,0.81,300,0.7578125
122.7,155.7,0.81,300,0.7578125
124.4,156.29999999999998,0.27,200,0.7578125
124.4,156.29999999999998,0.27,200,0.7578125
124.60000000000001,156.6,0.0,300,0.7578125
124.60000000000001,156.6,0.0,300,-1.0
125.4,155.7,0.14,350,-1.0
125.4,155.7,0.14,350,0.7578125
123.80000000000001,156.9,0.22,350,-1.0
123.80000000000001,156.9,0.22,350,0.7578125
124.10000000000001,153.2,0.01,150,0.7578125
124.10000000000001,153.2,0.01,150,0.7578125
125.10000000000001,156.2,0.08,350,0.1328125
125.10000000000001,156.2,0.08,350,-1.0
125.10000000000001,156.2,0.08,350,0.7578125
125.10000000000001,156.2,0.08,350,-1.0
125.10000000000001,156.2,0.08,350,0.7578125
122.80000000000001,155.29999999999998,0.41000000000000003,250,0.7578125
122.80000000000001,155.29999999999998,0.41000000000000003,250,0.7578125
124.7,155.79999999999998,0.13,350,0.7578125
124.7,155.79999999999998,0.13,350,-1.0
122.5,154.9,0.05,300,0.7578125
122.5,154.9,0.05,300,0.7578125
124.2,155.4,0.14,300,-1.0
124.2,155.4,0.14,300,0.7578125
125.4,156.0,0.12,350,0.7578125
125.4,156.0,0.12,350,0.75
125.4,156.0,0.12,350,0.7578125
122.5,154.7,0.31,350,0.7578125
122.5,154.7,0.31,350,-1.0
124.9,156.29999999999998,0.31,350,0.75
124.9,156.29999999999998,0.31,350,0.7578125
124.9,156.29999999999998,0.31,350,-1.0
121.4,157.0,0.86,150,0.7578125
121.4,157.0,0.86,150,0.7578125
124.7,155.9,0.22,350,0.75
124.7,155.9,0.22,350,0.1328125
124.7,155.9,0.22,350,0.7578125
124.7,155.9,0.22,350,0.75
124.7,155.9,0.22,350,0.7578125
124.7,155.9,0.22,350,-1.0
124.7,155.9,0.22,350,0.75
124.7,155.9,0.22,350,0.7578125
124.80000000000001,155.79999999999998,0.36,350,0.75
124.80000000000001,155.79999999999998,0.36,350,0.7578125
124.80000000000001,155.79999999999998,0.36,350,0.7578125
124.9,156.0,0.22,350,0.7578125
124.9,156.0,0.22,350,0.75
124.9,156.0,0.22,350,-1.0
124.80000000000001,156.2,0.02,350,0.109375
124.80000000000001,156.2,0.02,350,0.1328125
124.80000000000001,156.2,0.02,350,0.125
124.80000000000001,156.2,0.02,350,-1.0
124.80000000000001,156.2,0.02,350,0.7578125
124.80000000000001,156.2,0.02,350,0.1484375
124.80000000000001,156.2,0.02,350,0.7578125
124.80000000000001,156.2,0.02,350,0.7578125
124.80000000000001,156.2,0.02,350,0.1484375
124.80000000000001,156.2,0.02,350,-1.0
124.80000000000001,156.2,0.02,350,-1.0
124.80000000000001,156.2,0.02,350,0.7578125
124.80000000000001,156.2,0.02,350,-1.0
124.80000000000001,156.2,0.02,350,0.7578125
124.80000000000001,156.2,0.02,350,0.7578125
124.80000000000001,156.2,0.02,350,-1.0
124.80000000000001,156.2,0.02,350,0.7578125
124.30000000000001,155.4,0.08,350,-1.0
124.30000000000001,155.4,0.08,350,-1.0
124.30000000000001,155.9,0.0,350,-1.0
124.30000000000001,155.9,0.0,350,-1.0
121.4,153.79999999999998,0.58,150,0.7578125
121.4,153.79999999999998,0.58,150,0.7578125
124.7,155.7,0.22,350,0.7578125
124.7,155.7,0.22,350,-1.0
122.9,156.29999999999998,0.17,200,0.7578125
122.9,156.29999999999998,0.17,200,0.7578125
125.10000000000001,155.5,0.05,350,0.7578125
125.10000000000001,155.5,0.05,350,0.7578125
125.0,156.2,0.06,350,-1.0
125.0,156.2,0.06,350,-1.0
124.9,156.2,0.12,350,0.7578125
124.9,156.2,0.12,350,0.140625
124.9,156.2,0.12,350,-1.0
124.9,156.2,0.12,350,0.75
124.9,156.2,0.12,350,0.75
124.9,156.2,0.12,350,0.7578125
124.9,156.2,0.12,350,-1.0
124.9,155.9,0.18,300,0.7578125
124.9,155.9,0.18,300,0.7578125
123.9,155.5,0.36,350,-1.0
123.9,155.5,0.36,350,0.7578125
124.4,156.1,0.04,300,-1.0
124.4,156.1,0.04,300,0.7578125
124.80000000000001,154.6,0.29,350,0.7578125
124.80000000000001,154.6,0.29,350,-1.0
125.30000000000001,156.29999999999998,0.05,350,0.7578125
125.30000000000001,156.29999999999998,0.05,350,-1.0
125.0,156.1,0.01,350,-1.0
125.0,156.1,0.01,350,0.7578125
124.80000000000001,155.29999999999998,0.25,300,0.7578125
124.80000000000001,155.29999999999998,0.25,300,0.7578125
124.7,155.9,0.02,350,-1.0
124.7,155.9,0.02,350,0.7578125
125.4,155.6,0.43,300,0.7578125
125.4,155.6,0.43,300,0.7578125
125.10000000000001,156.2,0.27,350,-1.0
125.10000000000001,156.2,0.27,350,0.7578125
125.0,155.9,0.18,300,0.7578125
125.0,155.9,0.18,300,0.75
125.0,155.9,0.18,300,-1.0
122.60000000000001,157.0,0.47000000000000003,150,0.7578125
122.60000000000001,157.0,0.47000000000000003,150,0.7578125
124.80000000000001,156.29999999999998,0.13,350,0.7578125
124.80000000000001,156.29999999999998,0.13,350,-1.0
125.2,156.4,0.18,350,-1.0
125.2,156.4,0.18,350,0.125
125.2,156.4,0.18,350,0.75
125.2,156.4,0.18,350,-1.0
125.2,156.4,0.18,350,0.7578125
125.2,156.4,0.18,350,-1.0
124.30000000000001,156.2,0.15,350,-1.0
124.30000000000001,156.2,0.15,350,-1.0
125.2,156.1,0.19,350,0.7578125
125.2,156.1,0.19,350,0.7578125
125.10000000000001,156.6,0.19,300,0.7578125
125.10000000000001,156.6,0.19,300,0.7578125
122.80000000000001,155.5,0.06,250,0.7578125
122.80000000000001,155.5,0.06,250,0.7578125
124.9,156.7,0.61,250,0.7578125
124.9,156.7,0.61,250,0.7578125
125.0,156.4,0.15,350,-1.0
125.0,156.4,0.15,350,0.7578125
123.30000000000001,155.5,0.19,200,0.7578125
123.30000000000001,155.5,0.19,200,0.7578125
125.10000000000001,156.5,0.21,350,-1.0
125.10000000000001,156.5,0.21,350,0.7578125
124.9,156.1,0.0,350,0.7578125
124.9,156.1,0.0,350,-1.0
123.9,155.9,0.33,300,0.7578125
123.9,155.9,0.33,300,0.75
123.9,155.9,0.33,300,0.7578125
125.2,156.5,0.16,350,-1.0
125.2,156.5,0.16,350,0.7578125
124.4,155.5,0.18,350,0.75
124.4,155.5,0.18,350,0.75
124.4,155.5,0.18,350,-1.0
124.4,155.5,0.18,350,0.7578125
124.5,156.29999999999998,0.08,350,0.7578125
124.5,156.29999999999998,0.08,350,0.7578125
125.4,155.6,0.31,350,0.7578125
125.4,155.6,0.31,350,-1.0
124.9,156.29999999999998,0.05,300,0.75
124.9,156.29999999999998,0.05,300,0.7578125
124.9,156.29999999999998,0.05,300,0.7578125
124.7,156.2,0.24,350,0.7578125
124.7,156.2,0.24,350,-1.0
125.4,156.29999999999998,0.18,350,0.7578125
125.4,156.29999999999998,0.18,350,-1.0
125.2,156.7,0.0,350,0.7578125
125.2,156.7,0.0,350,0.7578125
122.2,157.1,0.73,250,0.7578125
122.2,157.1,0.73,250,0.7578125
123.9,156.1,0.0,300,0.125
123.9,156.1,0.0,300,0.15625
123.9,156.1,0.0,300,-1.0
123.9,156.1,0.0,300,0.75
123.9,156.1,0.0,300,0.75
123.9,156.1,0.0,300,0.7578125
123.9,156.1,0.0,300,-1.0
123.9,156.1,0.0,300,-1.0
123.9,156.1,0.0,300,0.7578125
123.9,156.1,0.0,300,-1.0
122.4,153.4,0.86,350,0.7578125
122.4,153.4,0.86,350,0.7578125
121.60000000000001,154.9,0.79,200,0.7578125
121.60000000000001,154.9,0.79,200,0.7578125
122.7,154.4,0.35000000000000003,250,0.7578125
122.7,154.4,0.35000000000000003,250,0.7578125
123.7,156.0,0.04,350,-1.0
123.7,156.0,0.04,350,-1.0
123.0,155.9,0.23,250,0.7578125
123.0,155.9,0.23,250,0.7578125
123.80000000000001,156.29999999999998,0.01,300,0.1328125
123.80000000000001,156.29999999999998,0.01,300,0.125
123.80000000000001,156.29999999999998,0.01,300,0.7578125
123.80000000000001,156.29999999999998,0.01,300,-1.0
123.80000000000001,156.29999999999998,0.01,300,0.7578125
123.80000000000001,156.29999999999998,0.01,300,0.7578125
123.80000000000001,156.29999999999998,0.01,300,-1.0
123.80000000000001,156.29999999999998,0.01,300,0.7578125
123.2,156.2,0.01,300,0.7578125
123.2,156.2,0.01,300,0.7578125
123.9,155.6,0.01,300,-1.0
123.9,155.6,0.01,300,-1.0
123.9,155.9,0.03,300,-1.0
123.9,155.9,0.03,300,0.7578125
123.4,156.6,0.0,300,0.1171875
123.4,156.6,0.0,300,0.7578125
123.4,156.6,0.0,300,-1.0
123.4,156.6,0.0,300,0.1171875
123.4,156.6,0.0,300,0.7578125
123.4,156.6,0.0,300,0.7578125
123.4,156.6,0.0,300,0.7578125
123.4,156.6,0.0,300,0.7578125
123.80000000000001,156.5,0.0,250,0.7578125
123.80000000000001,156.5,0.0,250,0.7578125
122.7,156.4,0.04,300,-1.0
122.7,156.4,0.04,300,0.7578125
124.0,156.4,0.16,300,0.75
124.0,156.4,0.16,300,0.7578125
124.0,156.4,0.16,300,-1.0
123.0,157.1,0.0,300,0.7578125
123.0,157.1,0.0,300,0.7578125
123.9,156.1,0.2,300,0.7578125
123.9,156.1,0.2,300,0.1328125
123.9,156.1,0.2,300,0.7578125
123.9,156.1,0.2,300,-1.0
123.9,156.1,0.2,300,0.7578125
124.10000000000001,156.0,0.05,250,0.7578125
124.10000000000001,156.0,0.05,250,-1.0
123.80000000000001,156.0,0.08,300,0.7578125
123.80000000000001,156.0,0.08,300,0.7578125
123.9,156.1,0.03,300,0.7578125
123.9,156.1,0.03,300,0.7578125
123.80000000000001,156.4,0.21,300,-1.0
123.80000000000001,156.4,0.21,300,0.7578125
123.0,155.6,0.13,300,0.7578125
123.0,155.6,0.13,300,0.75
123.0,155.6,0.13,300,0.7578125
123.7,156.7,0.03,300,0.7578125
123.7,156.7,0.03,300,0.7578125
123.60000000000001,156.6,0.04,300,-1.0
123.60000000000001,156.6,0.04,300,0.7578125
123.2,156.2,0.14,300,0.7578125
123.2,156.2,0.14,300,0.7578125
123.7,156.6,0.0,300,0.7578125
123.7,156.6,0.0,300,0.7578125
124.60000000000001,156.1,0.05,250,-1.0
124.60000000000001,156.1,0.05,250,0.7578125
123.7,155.79999999999998,0.23,300,0.7578125
123.7,155.79999999999998,0.23,300,0.7578125
123.4,156.6,0.05,250,0.7578125
123.4,156.6,0.05,250,0.7578125
123.7,155.9,0.18,250,0.7578125
123.7,155.9,0.18,250,-1.0
122.30000000000001,155.7,0.66,150,0.7578125
122.30000000000001,155.7,0.66,150,0.7578125
123.30000000000001,157.0,0.16,250,0.7578125
123.30000000000001,157.0,0.16,250,0.7578125
123.5,156.29999999999998,0.26,300,0.7578125
123.5,156.29999999999998,0.26,300,0.7578125
124.2,156.2,0.26,300,0.75
124.2,156.2,0.26,300,0.7578125
124.2,156.2,0.26,300,-1.0
123.2,155.4,0.29,300,-1.0
123.2,155.4,0.29,300,0.7578125
124.30000000000001,156.5,0.13,300,0.7578125
124.30000000000001,156.5,0.13,300,0.140625
124.30000000000001,156.5,0.13,300,-1.0
124.30000000000001,156.5,0.13,300,-1.0
124.30000000000001,156.5,0.13,300,0.7578125
123.7,156.29999999999998,0.06,300,-1.0
123.7,156.29999999999998,0.06,300,0.7578125
124.4,156.4,0.06,300,-1.0
124.4,156.4,0.06,300,-1.0
122.80000000000001,155.9,0.0,350,0.75
122.80000000000001,155.9,0.0,350,-1.0
122.80000000000001,155.9,0.0,350,0.7578125
124.80000000000001,156.4,0.29,250,0.7578125
124.80000000000001,156.4,0.29,250,0.7578125
124.60000000000001,156.2,0.04,250,-1.0
124.60000000000001,156.2,0.04,250,0.7578125
124.5,155.9,0.0,300,-1.0
124.5,155.9,0.0,300,0.7578125
124.30000000000001,156.2,0.0,300,0.7578125
124.30000000000001,156.2,0.0,300,0.75
124.30000000000001,156.2,0.0,300,-1.0
123.2,156.5,0.01,300,0.7578125
123.2,156.5,0.01,300,-1.0
123.9,156.9,0.27,250,0.7578125
123.9,156.9,0.27,250,0.7578125
123.10000000000001,155.5,0.05,300,0.140625
123.10000000000001,155.5,0.05,300,0.140625
123.10000000000001,155.5,0.05,300,0.75
123.10000000000001,155.5,0.05,300,0.7578125
123.10000000000001,155.5,0.05,300,0.7578125
123.10000000000001,155.5,0.05,300,0.7578125
123.10000000000001,155.5,0.05,300,0.7578125
123.10000000000001,155.5,0.05,300,0.7578125
123.10000000000001,155.5,0.05,300,0.7578125
122.80000000000001,155.29999999999998,0.0,250,-1.0
122.80000000000001,155.29999999999998,0.0,250,0.75
122.80000000000001,155.29999999999998,0.0,250,-1.0
124.2,156.7,0.0,300,0.7578125
124.2,156.7,0.0,300,0.7578125
122.7,154.79999999999998,0.22,250,-1.0
122.7,154.79999999999998,0.22,250,0.109375
122.7,154.79999999999998,0.22,250,0.7578125
122.7,154.79999999999998,0.22,250,0.7578125
122.7,154.79999999999998,0.22,250,0.7578125
122.9,155.7,0.05,300,0.7578125
122.9,155.7,0.05,300,-1.0
122.80000000000001,154.79999999999998,0.19,250,-1.0
122.80000000000001,154.79999999999998,0.19,250,0.7578125
123.5,155.29999999999998,0.07,350,-1.0
123.5,155.29999999999998,0.07,350,-1.0
122.0,154.7,0.17,250,0.7578125
122.0,154.7,0.17,250,0.7578125
122.10000000000001,154.79999999999998,0.31,200,0.7578125
122.10000000000001,154.79999999999998,0.31,200,0.7578125
123.5,154.6,0.28,300,0.7578125
123.5,154.6,0.28,300,0.7578125
123.5,155.29999999999998,0.08,300,0.7578125
123.5,155.29999999999998,0.08,300,-1.0
122.4,155.5,0.3,250,0.7578125
122.4,155.5,0.3,250,0.7578125
124.0,155.6,0.3,250,-1.0
124.0,155.6,0.3,250,0.7578125
123.10000000000001,154.9,0.16,250,0.7578125
123.10000000000001,154.9,0.16,250,0.7578125
123.2,155.4,0.11,300,-1.0
123.2,155.4,0.11,300,0.7578125
123.10000000000001,155.2,0.31,250,0.7578125
123.10000000000001,155.2,0.31,250,0.7578125
122.80000000000001,154.7,0.17,200,0.7578125
122.80000000000001,154.7,0.17,200,0.7578125
122.5,156.7,0.55,350,0.7578125
122.5,156.7,0.55,350,0.7578125
123.4,154.5,0.32,250,0.7578125
123.4,154.5,0.32,250,0.7578125
121.9,155.2,1.0,350,0.7578125
121.9,155.2,1.0,350,0.7578125
123.7,155.2,0.17,250,-1.0
123.7,155.2,0.17,250,0.7578125
123.2,155.79999999999998,0.33,300,0.7578125
123.2,155.79999999999998,0.33,300,0.7578125
124.2,156.1,0.2,300,-1.0
124.2,156.1,0.2,300,0.1171875
124.2,156.1,0.2,300,-1.0
124.2,156.1,0.2,300,0.7578125
124.2,156.1,0.2,300,-1.0
122.0,155.5,0.15,250,0.75
122.0,155.5,0.15,250,0.7578125
122.0,155.5,0.15,250,0.7578125
123.5,156.1,0.04,300,-1.0
123.5,156.1,0.04,300,0.7578125
124.30000000000001,156.1,0.24,300,0.7578125
124.30000000000001,156.1,0.24,300,0.7578125
124.30000000000001,156.5,0.23,250,0.7578125
124.30000000000001,156.5,0.23,250,0.7578125
124.2,155.79999999999998,0.18,300,-1.0
124.2,155.79999999999998,0.18,300,-1.0
124.60000000000001,156.6,0.86,150,0.7578125
124.60000000000001,156.6,0.86,150,0.7578125
123.0,156.79999999999998,0.34,300,0.7578125
123.0,156.79999999999998,0.34,300,0.7578125
123.9,156.6,0.21,300,0.7578125
123.9,156.6,0.21,300,0.7578125
123.7,156.6,0.03,350,0.7578125
123.7,156.6,0.03,350,0.75
123.7,156.6,0.03,350,-1.0
121.4,157.0,0.27,200,0.7578125
121.4,157.0,0.27,200,0.7578125
122.5,155.1,0.24,250,0.7578125
122.5,155.1,0.24,250,0.7578125
123.5,155.9,0.0,250,-1.0
123.5,155.9,0.0,250,0.7578125
123.0,155.7,0.01,300,-1.0
123.0,155.7,0.01,300,0.7578125
122.10000000000001,157.1,0.99,300,0.7578125
122.10000000000001,157.1,0.99,300,0.7578125
122.30000000000001,155.4,0.18,300,0.140625
122.30000000000001,155.4,0.18,300,0.75
122.30000000000001,155.4,0.18,300,0.7578125
122.30000000000001,155.4,0.18,300,0.75
122.30000000000001,155.4,0.18,300,0.7578125
122.30000000000001,155.4,0.18,300,0.7578125
122.30000000000001,155.4,0.18,300,0.7578125
124.60000000000001,156.79999999999998,0.09,300,0.7421875
124.60000000000001,156.79999999999998,0.09,300,0.1328125
124.60000000000001,156.79999999999998,0.09,300,-1.0
124.60000000000001,156.79999999999998,0.09,300,0.7578125
124.60000000000001,156.79999999999998,0.09,300,-1.0
124.60000000000001,156.79999999999998,0.09,300,0.7578125
125.4,155.5,0.04,250,0.7578125
125.4,155.5,0.04,250,0.7578125
124.4,156.2,0.25,300,-1.0
124.4,156.2,0.25,300,0.7578125
124.7,156.6,0.14,250,0.7578125
124.7,156.6,0.14,250,0.7578125
123.80000000000001,156.6,0.13,300,0.7578125
123.80000000000001,156.6,0.13,300,0.7578125
123.9,156.29999999999998,0.58,250,0.7578125
123.9,156.29999999999998,0.58,250,0.7578125
124.30000000000001,155.7,0.17,300,0.75
124.30000000000001,155.7,0.17,300,-1.0
124.30000000000001,155.7,0.17,300,0.7578125
124.60000000000001,155.6,0.16,200,0.7578125
124.60000000000001,155.6,0.16,200,0.7578125
124.4,156.1,0.0,250,-1.0
124.4,156.1,0.0,250,0.7578125
124.4,156.29999999999998,0.0,300,0.7578125
124.4,156.29999999999998,0.0,300,-1.0
125.0,155.9,0.04,300,-1.0
125.0,155.9,0.04,300,-1.0
123.5,157.0,0.16,300,0.7578125
123.5,157.0,0.16,300,0.7578125
124.60000000000001,155.0,0.08,300,-1.0
124.60000000000001,155.0,0.08,300,-1.0
123.4,156.29999999999998,0.2,250,-1.0
123.4,156.29999999999998,0.2,250,0.7578125
122.9,155.79999999999998,0.1,250,0.7578125
122.9,155.79999999999998,0.1,250,0.7578125
124.30000000000001,156.6,0.24,300,-1.0
124.30000000000001,156.6,0.24,300,0.7578125
125.30000000000001,156.9,0.89,350,0.7578125
125.30000000000001,156.9,0.89,350,0.7578125
121.60000000000001,154.7,0.02,350,-1.0
121.60000000000001,154.7,0.02,350,-1.0
122.7,154.5,0.27,250,0.7578125
122.7,154.5,0.27,250,0.7578125
124.60000000000001,156.4,0.15,300,0.7578125
124.60000000000001,156.4,0.15,300,0.7578125
123.7,155.6,0.0,350,-1.0
123.7,155.6,0.0,350,-1.0
123.80000000000001,156.29999999999998,0.17,350,-1.0
123.80000000000001,156.29999999999998,0.17,350,0.7578125
122.60000000000001,155.29999999999998,0.07,300,0.7578125
122.60000000000001,155.29999999999998,0.07,300,0.7578125
123.7,155.7,0.02,300,0.7578125
123.7,155.7,0.02,300,-1.0
123.2,154.79999999999998,0.28,200,0.7578125
123.2,154.79999999999998,0.28,200,0.7578125
124.5,155.2,0.03,250,0.7578125
124.5,155.2,0.03,250,-1.0
123.7,155.7,0.15,250,0.7578125
123.7,155.7,0.15,250,0.7578125
124.0,156.1,0.16,300,0.7578125
124.0,156.1,0.16,300,0.75
124.0,156.1,0.16,300,0.7578125
124.60000000000001,156.9,0.14,300,0.7578125
124.60000000000001,156.9,0.14,300,-1.0
124.10000000000001,156.4,0.09,350,0.7578125
124.10000000000001,156.4,0.09,350,-1.0
124.10000000000001,156.6,0.0,350,-1.0
124.10000000000001,156.6,0.0,350,0.7578125
123.10000000000001,155.29999999999998,0.17,250,0.7578125
123.10000000000001,155.29999999999998,0.17,250,0.7578125
123.60000000000001,157.1,0.02,300,0.7578125
123.60000000000001,157.1,0.02,300,0.7578125
123.0,154.7,0.04,250,0.7578125
123.0,154.7,0.04,250,0.75
123.0,154.7,0.04,250,0.7578125
123.5,154.9,0.02,250,-1.0
123.5,154.9,0.02,250,0.7578125
124.0,157.1,0.17,300,0.7578125
124.0,157.1,0.17,300,0.7578125
124.4,155.7,0.0,300,-1.0
124.4,155.7,0.0,300,-1.0
125.10000000000001,156.1,0.02,350,0.7578125
125.10000000000001,156.1,0.02,350,0.7578125
125.0,156.0,0.19,250,0.7578125
125.0,156.0,0.19,250,0.7578125
122.60000000000001,155.1,0.38,300,0.7578125
122.60000000000001,155.1,0.38,300,0.7578125
125.2,156.4,0.0,300,-1.0
125.2,156.4,0.0,300,-1.0
122.60000000000001,156.2,0.49,250,0.7578125
122.60000000000001,156.2,0.49,250,0.7578125
122.9,155.5,0.17,200,0.7578125
122.9,155.5,0.17,200,0.7578125
122.60000000000001,154.9,0.2,300,0.7578125
122.60000000000001,154.9,0.2,300,-1.0
123.10000000000001,155.7,0.21,300,0.7578125
123.10000000000001,155.7,0.21,300,0.7578125
123.7,155.9,0.15,300,-1.0
123.7,155.9,0.15,300,0.7578125
123.9,156.29999999999998,0.28,250,0.7578125
123.9,156.29999999999998,0.28,250,0.7578125
124.80000000000001,156.4,0.18,300,0.7578125
124.80000000000001,156.4,0.18,300,0.7578125
124.60000000000001,155.9,0.14,300,0.7578125
124.60000000000001,155.9,0.14,300,0.75
124.60000000000001,155.9,0.14,300,0.7578125
124.10000000000001,156.29999999999998,0.16,250,0.7578125
124.10000000000001,156.29999999999998,0.16,250,-1.0
125.4,156.2,0.21,300,0.7578125
125.4,156.2,0.21,300,0.7578125
123.9,156.29999999999998,0.0,300,0.7421875
123.9,156.29999999999998,0.0,300,-1.0
123.9,156.29999999999998,0.0,300,0.7578125
124.60000000000001,155.4,0.01,200,0.7578125
124.60000000000001,155.4,0.01,200,0.7578125
124.4,156.1,0.05,350,-1.0
124.4,156.1,0.05,350,-1.0
122.7,155.2,0.22,250,0.7578125
122.7,155.2,0.22,250,0.7578125
122.10000000000001,155.79999999999998,0.03,250,0.7578125
122.10000000000001,155.79999999999998,0.03,250,0.7578125
124.2,155.79999999999998,0.39,300,-1.0
124.2,155.79999999999998,0.39,300,0.7578125
123.0,156.79999999999998,0.01,250,0.7578125
123.0,156.79999999999998,0.01,250,0.7578125
123.60000000000001,155.79999999999998,0.26,350,0.7578125
123.60000000000001,155.79999999999998,0.26,350,-1.0
124.9,156.2,0.02,350,-1.0
124.9,156.2,0.02,350,-1.0
124.5,155.2,0.0,350,-1.0
124.5,155.2,0.0,350,-1.0
124.7,156.7,0.19,300,0.7578125
124.7,156.7,0.19,300,-1.0
123.4,155.5,0.91,350,0.7578125
123.4,155.5,0.91,350,0.7578125
122.7,155.5,0.47000000000000003,200,0.7578125
122.7,155.5,0.47000000000000003,200,0.7578125
123.0,155.1,0.24,300,0.7578125
123.0,155.1,0.24,300,0.7578125
124.2,156.79999999999998,0.03,300,0.7578125
124.2,156.79999999999998,0.03,300,-1.0
124.0,155.79999999999998,0.21,300,0.7578125
124.0,155.79999999999998,0.21,300,0.7578125
124.5,156.9,0.0,300,-1.0
124.5,156.9,0.0,300,-1.0
123.30000000000001,156.4,0.06,300,0.7578125
123.30000000000001,156.4,0.06,300,0.7578125
123.7,156.29999999999998,0.38,300,0.7578125
123.7,156.29999999999998,0.38,300,0.7578125
122.9,155.6,0.23,250,0.7578125
122.9,155.6,0.23,250,0.7578125
125.10000000000001,156.6,0.01,350,-1.0
125.10000000000001,156.6,0.01,350,-1.0
124.4,156.5,0.06,350,-1.0
124.4,156.5,0.06,350,0.1171875
124.4,156.5,0.06,350,0.7578125
124.4,156.5,0.06,350,0.7578125
124.4,156.5,0.06,350,0.7578125
123.30000000000001,156.7,0.05,350,-1.0
123.30000000000001,156.7,0.05,350,0.75
123.30000000000001,156.7,0.05,350,-1.0
124.60000000000001,156.5,0.1,250,0.7578125
124.60000000000001,156.5,0.1,250,0.7578125
124.10000000000001,156.4,0.04,350,0.7578125
124.10000000000001,156.4,0.04,350,0.7578125
125.4,155.5,0.06,350,-1.0
125.4,155.5,0.06,350,0.7578125
123.7,155.1,0.01,300,-1.0
123.7,155.1,0.01,300,-1.0
124.60000000000001,155.6,0.04,350,-1.0
124.60000000000001,155.6,0.04,350,-1.0
124.2,156.29999999999998,0.17,300,0.7578125
124.2,156.29999999999998,0.17,300,0.1328125
124.2,156.29999999999998,0.17,300,-1.0
124.2,156.29999999999998,0.17,300,-1.0
124.2,156.29999999999998,0.17,300,0.7578125
124.10000000000001,156.6,0.24,300,0.75
124.10000000000001,156.6,0.24,300,0.7578125
124.10000000000001,156.6,0.24,300,0.7578125
124.30000000000001,156.29999999999998,0.17,350,-1.0
124.30000000000001,156.29999999999998,0.17,350,0.7578125
124.30000000000001,155.79999999999998,0.18,300,-1.0
124.30000000000001,155.79999999999998,0.18,300,0.7578125
123.9,156.29999999999998,0.11,300,0.75
123.9,156.29999999999998,0.11,300,0.7578125
123.9,156.29999999999998,0.11,300,-1.0
124.7,156.29999999999998,0.0,350,-1.0
124.7,156.29999999999998,0.0,350,-1.0
124.5,156.29999999999998,0.3,300,0.7578125
124.5,156.29999999999998,0.3,300,0.75
124.5,156.29999999999998,0.3,300,0.7578125
122.0,156.7,0.19,350,0.7578125
122.0,156.7,0.19,350,0.7578125
124.0,156.4,0.18,300,0.7578125
124.0,156.4,0.18,300,-1.0
123.7,156.29999999999998,0.28,350,0.7578125
123.7,156.29999999999998,0.28,350,0.7578125
123.4,156.29999999999998,0.21,300,0.7578125
123.4,156.29999999999998,0.21,300,0.7578125
124.5,156.1,0.16,300,-1.0
124.5,156.1,0.16,300,0.7578125
123.10000000000001,155.1,0.06,300,0.75
123.10000000000001,155.1,0.06,300,0.7578125
123.10000000000001,155.1,0.06,300,0.7578125
123.60000000000001,155.79999999999998,0.0,300,0.7578125
123.60000000000001,155.79999999999998,0.0,300,0.7578125
124.4,156.4,0.02,350,-1.0
124.4,156.4,0.02,350,-1.0
123.9,155.79999999999998,0.14,350,-1.0
123.9,155.79999999999998,0.14,350,-1.0
124.0,154.9,0.49,300,0.7578125
124.0,154.9,0.49,300,0.7578125
122.0,154.5,0.55,200,0.7578125
122.0,154.5,0.55,200,0.7578125
122.9,155.0,0.14,250,-1.0
122.9,155.0,0.14,250,0.7578125
125.0,156.0,0.11,300,0.7421875
125.0,156.0,0.11,300,0.7578125
125.0,156.0,0.11,300,0.7421875
125.0,156.0,0.11,300,0.7578125
124.10000000000001,156.29999999999998,0.06,300,-1.0
124.10000000000001,156.29999999999998,0.06,300,-1.0
122.30000000000001,155.2,0.15,350,0.7578125
122.30000000000001,155.2,0.15,350,0.75
122.30000000000001,155.2,0.15,350,0.75
122.30000000000001,155.2,0.15,350,-1.0
124.2,156.5,0.13,300,0.7578125
124.2,156.5,0.13,300,-1.0
124.10000000000001,156.79999999999998,0.34,300,0.7578125
124.10000000000001,156.79999999999998,0.34,300,0.7578125
124.30000000000001,156.2,0.14,350,-1.0
124.30000000000001,156.2,0.14,350,-1.0
123.5,156.0,0.01,300,-1.0
123.5,156.0,0.01,300,0.7578125
123.0,154.7,0.29,250,0.7578125
123.0,154.7,0.29,250,0.7578125
123.7,157.0,0.06,350,-1.0
123.7,157.0,0.06,350,0.7578125
122.9,156.0,0.22,300,0.7578125
122.9,156.0,0.22,300,-1.0
123.60000000000001,155.4,0.08,250,0.7578125
123.60000000000001,155.4,0.08,250,0.7578125
124.4,156.7,0.01,350,-1.0
124.4,156.7,0.01,350,-1.0
124.7,156.4,0.18,300,0.7578125
124.7,156.4,0.18,300,0.7421875
124.7,156.4,0.18,300,0.7578125
123.60000000000001,155.4,0.32,250,0.7578125
123.60000000000001,155.4,0.32,250,0.7578125
124.10000000000001,155.9,0.14,300,-1.0
124.10000000000001,155.9,0.14,300,0.75
124.10000000000001,155.9,0.14,300,0.75
124.10000000000001,155.9,0.14,300,-1.0
124.60000000000001,156.29999999999998,0.18,350,0.1171875
124.60000000000001,156.29999999999998,0.18,350,0.75
124.60000000000001,156.29999999999998,0.18,350,-1.0
124.60000000000001,156.29999999999998,0.18,350,-1.0
124.60000000000001,156.29999999999998,0.18,350,-1.0
124.60000000000001,156.29999999999998,0.18,350,0.7578125
124.5,157.1,0.14,300,0.7578125
124.5,157.1,0.14,300,0.7578125
123.80000000000001,157.1,0.02,250,0.7578125
123.80000000000001,157.1,0.02,250,0.7578125
122.5,155.2,0.15,250,0.734375
122.5,155.2,0.15,250,0.7578125
122.5,155.2,0.15,250,0.7578125
124.9,155.7,0.02,350,0.7578125
124.9,155.7,0.02,350,-1.0
123.0,154.9,0.15,300,-1.0
123.0,154.9,0.15,300,0.7578125
122.10000000000001,156.4,0.03,300,0.7578125
122.10000000000001,156.4,0.03,300,0.7578125
122.7,154.5,0.08,250,-1.0
122.7,154.5,0.08,250,-1.0
124.7,155.6,0.18,300,0.7578125
124.7,155.6,0.18,300,0.7578125
121.9,154.2,0.31,250,0.7578125
121.9,154.2,0.31,250,0.7578125
123.7,156.0,0.0,350,-1.0
123.7,156.0,0.0,350,-1.0
125.2,157.1,0.36,250,0.7578125
125.2,157.1,0.36,250,0.7578125
122.7,155.4,0.31,300,0.7578125
122.7,155.4,0.31,300,0.7578125
123.10000000000001,156.79999999999998,0.2,300,0.7578125
123.10000000000001,156.79999999999998,0.2,300,0.7578125
124.60000000000001,156.5,0.0,300,0.7578125
124.60000000000001,156.5,0.0,300,-1.0
124.0,156.29999999999998,0.38,350,0.7578125
124.0,156.29999999999998,0.38,350,0.7578125
124.0,155.2,0.23,300,-1.0
124.0,155.2,0.23,300,-1.0
125.10000000000001,156.29999999999998,0.01,350,-1.0
125.10000000000001,156.29999999999998,0.01,350,-1.0
123.80000000000001,156.7,0.17,350,0.7578125
123.80000000000001,156.7,0.17,350,-1.0
123.10000000000001,155.7,0.14,350,0.75
123.10000000000001,155.7,0.14,350,-1.0
123.10000000000001,155.7,0.14,350,0.7578125
124.5,156.2,0.0,350,-1.0
124.5,156.2,0.0,350,-1.0
124.0,154.79999999999998,0.17,250,0.7578125
124.0,154.79999999999998,0.17,250,0.7578125
124.9,156.1,0.37,300,0.7578125
124.9,156.1,0.37,300,0.7578125
123.2,156.0,0.19,300,0.7578125
123.2,156.0,0.19,300,0.7578125
123.9,156.2,0.21,300,-1.0
123.9,156.2,0.21,300,-1.0
123.10000000000001,155.29999999999998,0.05,200,0.7578125
123.10000000000001,155.29999999999998,0.05,200,0.7578125
124.4,156.0,0.16,350,0.7578125
124.4,156.0,0.16,350,0.7421875
124.4,156.0,0.16,350,-1.0
122.5,154.9,0.31,250,0.7578125
122.5,154.9,0.31,250,0.7578125
124.0,156.6,0.0,300,-1.0
124.0,156.6,0.0,300,0.7578125
124.10000000000001,155.9,0.0,300,-1.0
124.10000000000001,155.9,0.0,300,-1.0
125.4,154.6,0.56,200,0.7578125
125.4,154.6,0.56,200,0.7578125
124.9,155.9,0.14,350,-1.0
124.9,155.9,0.14,350,0.7578125
121.9,154.29999999999998,0.8300000000000001,300,0.7578125
121.9,154.29999999999998,0.8300000000000001,300,0.7578125
123.30000000000001,155.6,0.01,250,-1.0
123.30000000000001,155.6,0.01,250,0.7578125
124.7,156.6,0.25,300,0.7578125
124.7,156.6,0.25,300,0.7578125
124.9,156.4,0.13,300,-1.0
124.9,156.4,0.13,300,-1.0
123.4,156.5,0.02,300,-1.0
123.4,156.5,0.02,300,0.7578125
122.7,155.79999999999998,0.26,250,0.7578125
122.7,155.79999999999998,0.26,250,0.7578125
124.5,156.6,0.1,350,0.7578125
124.5,156.6,0.1,350,0.7578125
123.5,154.9,0.46,250,0.7578125
123.5,154.9,0.46,250,0.7578125
123.2,154.6,0.19,250,0.75
123.2,154.6,0.19,250,0.75
123.2,154.6,0.19,250,0.7578125
123.2,154.6,0.19,250,0.7578125
124.30000000000001,156.4,0.19,350,-1.0
124.30000000000001,156.4,0.19,350,0.7578125
124.9,157.1,0.06,300,-1.0
124.9,157.1,0.06,300,-1.0
124.4,156.0,0.11,300,-1.0
124.4,156.0,0.11,300,0.7578125
125.4,156.0,0.06,350,0.7578125
125.4,156.0,0.06,350,0.7578125
124.0,156.9,0.16,300,0.7578125
124.0,156.9,0.16,300,0.7578125
123.4,155.0,0.18,300,0.7578125
123.4,155.0,0.18,300,-1.0
125.4,155.9,0.13,300,0.7578125
125.4,155.9,0.13,300,-1.0
123.5,155.9,0.29,250,0.7578125
123.5,155.9,0.29,250,0.7578125
124.30000000000001,156.6,0.17,350,-1.0
124.30000000000001,156.6,0.17,350,0.7578125
124.30000000000001,156.0,0.2,250,-1.0
124.30000000000001,156.0,0.2,250,0.7578125
122.80000000000001,154.6,0.48,200,0.7578125
122.80000000000001,154.6,0.48,200,0.7578125
122.30000000000001,155.4,0.2,300,0.7578125
122.30000000000001,155.4,0.2,300,0.7578125
124.5,156.2,0.0,350,-1.0
124.5,156.2,0.0,350,-1.0
122.30000000000001,155.5,0.18,200,0.7578125
122.30000000000001,155.5,0.18,200,0.7578125
124.0,156.1,0.12,300,-1.0
124.0,156.1,0.12,300,-1.0
123.2,155.4,0.15,250,0.7578125
123.2,155.4,0.15,250,0.7578125
124.60000000000001,156.5,0.12,350,-1.0
124.60000000000001,156.5,0.12,350,0.7578125
123.60000000000001,156.2,0.09,250,0.7578125
123.60000000000001,156.2,0.09,250,0.7578125
122.9,155.4,0.11,300,0.7578125
122.9,155.4,0.11,300,0.7578125
124.30000000000001,156.4,0.19,300,0.75
124.30000000000001,156.4,0.19,300,0.75
124.30000000000001,156.4,0.19,300,-1.0
124.30000000000001,156.4,0.19,300,0.7578125
124.5,153.1,0.98,300,0.7578125
124.5,153.1,0.98,300,0.7578125
125.10000000000001,156.7,0.13,350,-1.0
125.10000000000001,156.7,0.13,350,-1.0
124.7,156.29999999999998,0.05,300,-1.0
124.7,156.29999999999998,0.05,300,0.7578125
122.0,155.1,0.07,250,0.7578125
122.0,155.1,0.07,250,0.7578125
124.2,155.6,0.25,350,0.7578125
124.2,155.6,0.25,350,-1.0
124.60000000000001,155.6,0.0,300,0.7578125
124.60000000000001,155.6,0.0,300,0.125
124.60000000000001,155.6,0.0,300,0.7578125
124.60000000000001,155.6,0.0,300,0.7578125
124.60000000000001,155.6,0.0,300,0.7421875
124.60000000000001,155.6,0.0,300,-1.0
122.30000000000001,154.6,0.36,300,0.7578125
122.30000000000001,154.6,0.36,300,0.7578125
124.80000000000001,155.79999999999998,0.15,350,0.7578125
124.80000000000001,155.79999999999998,0.15,350,-1.0
123.60000000000001,156.6,0.12,300,0.7578125
123.60000000000001,156.6,0.12,300,0.7578125
123.30000000000001,155.7,0.0,300,-1.0
123.30000000000001,155.7,0.0,300,-1.0
124.2,157.0,0.04,350,0.7578125
124.2,157.0,0.04,350,-1.0
122.5,156.2,0.99,150,0.7578125
122.5,156.2,0.99,150,0.7578125
125.2,155.9,0.01,350,0.7578125
125.2,155.9,0.01,350,0.7578125
122.7,156.4,0.02,250,0.7578125
122.7,156.4,0.02,250,0.7578125
124.7,156.7,0.43,350,-1.0
124.7,156.7,0.43,350,0.7578125
122.80000000000001,154.9,0.29,300,-1.0
122.80000000000001,154.9,0.29,300,0.7578125
124.80000000000001,155.6,0.64,150,0.7578125
124.80000000000001,155.6,0.64,150,0.7578125
123.2,156.6,0.22,350,0.7578125
123.2,156.6,0.22,350,-1.0
123.5,154.7,0.17,250,0.7578125
123.5,154.7,0.17,250,-1.0
124.80000000000001,156.5,0.2,300,0.7578125
124.80000000000001,156.5,0.2,300,0.7578125
122.4,154.1,0.14,200,0.7578125
122.4,154.1,0.14,200,0.7578125
123.9,155.79999999999998,0.15,300,-1.0
123.9,155.79999999999998,0.15,300,0.7578125
124.60000000000001,156.4,0.01,350,-1.0
124.60000000000001,156.4,0.01,350,0.7578125
122.4,155.7,0.07,300,0.7578125
122.4,155.7,0.07,300,0.7578125
124.4,156.2,0.33,350,-1.0
124.4,156.2,0.33,350,0.7578125
123.2,155.29999999999998,0.28,250,0.7578125
123.2,155.29999999999998,0.28,250,0.7578125
124.80000000000001,155.79999999999998,0.31,300,-1.0
124.80000000000001,155.79999999999998,0.31,300,0.75
124.80000000000001,155.79999999999998,0.31,300,0.7578125
123.0,153.79999999999998,0.31,250,0.7578125
123.0,153.79999999999998,0.31,250,0.7578125
124.4,157.1,0.25,250,0.7578125
124.4,157.1,0.25,250,0.7578125
123.5,156.0,0.26,300,0.75
123.5,156.0,0.26,300,0.125
123.5,156.0,0.26,300,0.7578125
123.5,156.0,0.26,300,-1.0
123.5,156.0,0.26,300,0.7578125
123.5,156.0,0.26,300,0.7578125
125.30000000000001,156.79999999999998,0.09,300,0.7578125
125.30000000000001,156.79999999999998,0.09,300,0.7578125
125.4,156.6,0.04,350,0.7578125
125.4,156.6,0.04,350,0.7578125
121.7,155.2,0.37,250,0.7578125
121.7,155.2,0.37,250,0.7578125
124.2,156.79999999999998,0.01,300,0.7578125
124.2,156.79999999999998,0.01,300,0.75
124.2,156.79999999999998,0.01,300,0.7578125
125.0,156.1,0.19,350,0.75
125.0,156.1,0.19,350,0.125
125.0,156.1,0.19,350,-1.0
125.0,156.1,0.19,350,-1.0
125.0,156.1,0.19,350,-1.0
125.0,156.1,0.19,350,0.7578125
122.4,153.4,0.64,200,0.7578125
122.4,153.4,0.64,200,0.7578125
122.4,153.1,0.29,150,0.7578125
122.4,153.1,0.29,150,0.7578125
123.4,156.4,0.02,300,0.75
123.4,156.4,0.02,300,0.1328125
123.4,156.4,0.02,300,-1.0
123.4,156.4,0.02,300,0.7578125
123.4,156.4,0.02,300,0.7578125
123.4,156.4,0.02,300,0.7578125
124.9,156.9,0.24,350,0.7578125
124.9,156.9,0.24,350,0.7578125
123.80000000000001,156.4,0.0,300,-1.0
123.80000000000001,156.4,0.0,300,0.7578125
124.7,157.1,0.0,350,-1.0
124.7,157.1,0.0,350,0.7578125
124.10000000000001,155.6,0.24,300,-1.0
124.10000000000001,155.6,0.24,300,-1.0
124.10000000000001,157.1,0.87,250,0.7578125
124.10000000000001,157.1,0.87,250,0.7578125
124.0,156.29999999999998,0.31,300,-1.0
124.0,156.29999999999998,0.31,300,-1.0
122.7,154.9,0.06,250,-1.0
122.7,154.9,0.06,250,0.7578125
123.2,155.29999999999998,0.23,300,0.7578125
123.2,155.29999999999998,0.23,300,0.7578125
124.30000000000001,155.7,0.12,350,-1.0
124.30000000000001,155.7,0.12,350,-1.0
124.7,156.5,0.16,350,0.7578125
124.7,156.5,0.16,350,-1.0
123.30000000000001,155.79999999999998,0.45,300,0.7578125
123.30000000000001,155.79999999999998,0.45,300,0.7578125
124.10000000000001,156.9,0.26,300,0.7578125
124.10000000000001,156.9,0.26,300,0.7578125
122.7,155.1,0.26,200,0.7578125
122.7,155.1,0.26,200,0.7578125
125.30000000000001,153.1,0.04,300,-1.0
125.30000000000001,153.1,0.04,300,-1.0
123.9,156.5,0.0,350,0.7578125
123.9,156.5,0.0,350,-1.0
124.5,156.1,0.18,300,0.7578125
124.5,156.1,0.18,300,0.7578125
122.5,154.6,0.17,300,-1.0
122.5,154.6,0.17,300,0.7578125
124.7,156.1,0.0,300,-1.0
124.7,156.1,0.0,300,-1.0
125.4,155.0,0.02,200,0.7578125
125.4,155.0,0.02,200,0.75
125.4,155.0,0.02,200,0.7578125
124.30000000000001,156.6,0.2,300,0.7578125
124.30000000000001,156.6,0.2,300,0.7578125
122.9,156.2,0.08,300,0.7421875
122.9,156.2,0.08,300,0.75
122.9,156.2,0.08,300,-1.0
122.9,156.2,0.08,300,0.7578125
125.2,155.79999999999998,0.23,350,0.7578125
125.2,155.79999999999998,0.23,350,0.75
125.2,155.79999999999998,0.23,350,0.7578125
122.30000000000001,155.2,0.31,250,0.7578125
122.30000000000001,155.2,0.31,250,0.7578125
124.0,157.1,0.25,350,0.7578125
124.0,157.1,0.25,350,0.7578125
125.4,156.4,0.32,350,0.7578125
125.4,156.4,0.32,350,0.7578125
123.9,155.79999999999998,0.0,250,0.7578125
123.9,155.79999999999998,0.0,250,0.7578125
121.5,153.79999999999998,0.07,150,0.7578125
121.5,153.79999999999998,0.07,150,0.7578125
123.30000000000001,155.1,0.41000000000000003,300,0.7578125
123.30000000000001,155.1,0.41000000000000003,300,0.7578125
122.4,155.2,0.03,300,-1.0
122.4,155.2,0.03,300,0.7578125
123.10000000000001,155.4,0.14,250,0.7578125
123.10000000000001,155.4,0.14,250,-1.0
124.60000000000001,154.4,0.91,150,0.7578125
124.60000000000001,154.4,0.91,150,0.7578125
124.80000000000001,156.0,0.14,350,0.7578125
124.80000000000001,156.0,0.14,350,0.7578125
123.9,156.2,0.14,350,0.7578125
123.9,156.2,0.14,350,0.7578125
124.80000000000001,156.7,0.09,300,0.7578125
124.80000000000001,156.7,0.09,300,-1.0
124.7,156.7,0.08,350,0.7578125
124.7,156.7,0.08,350,-1.0
124.7,156.1,0.15,300,0.7578125
124.7,156.1,0.15,300,0.7578125
124.30000000000001,156.1,0.26,250,-1.0
124.30000000000001,156.1,0.26,250,0.7578125
124.2,156.29999999999998,0.14,250,0.75
124.2,156.29999999999998,0.14,250,-1.0
124.2,156.29999999999998,0.14,250,0.7578125
124.2,156.5,0.13,350,0.125
124.2,156.5,0.13,350,-1.0
124.2,156.5,0.13,350,-1.0
124.2,156.5,0.13,350,-1.0
124.2,156.5,0.13,350,-1.0
123.4,156.2,0.07,350,-1.0
123.4,156.2,0.07,350,0.75
123.4,156.2,0.07,350,0.125
123.4,156.2,0.07,350,-1.0
123.4,156.2,0.07,350,0.7578125
123.4,156.2,0.07,350,0.7578125
124.30000000000001,156.1,0.11,350,-1.0
124.30000000000001,156.1,0.11,350,0.7578125
124.10000000000001,156.29999999999998,0.14,350,0.75
124.10000000000001,156.29999999999998,0.14,350,-1.0
124.10000000000001,156.29999999999998,0.14,350,0.7578125
123.60000000000001,156.7,0.18,300,0.7578125
123.60000000000001,156.7,0.18,300,0.7578125
124.5,156.9,0.19,350,-1.0
124.5,156.9,0.19,350,0.7578125
123.7,156.7,0.63,150,0.7578125
123.7,156.7,0.63,150,0.7578125
124.10000000000001,156.79999999999998,0.19,350,0.7578125
124.10000000000001,156.79999999999998,0.19,350,0.7578125
124.7,156.1,0.02,350,0.7578125
124.7,156.1,0.02,350,-1.0
123.4,155.4,0.15,300,0.7578125
123.4,155.4,0.15,300,0.7578125
124.80000000000001,156.4,0.22,350,-1.0
124.80000000000001,156.4,0.22,350,0.7578125
124.0,156.7,0.15,350,-1.0
124.0,156.7,0.15,350,0.7578125
123.7,156.0,0.18,300,-1.0
123.7,156.0,0.18,300,-1.0
124.5,155.79999999999998,0.02,350,-1.0
124.5,155.79999999999998,0.02,350,-1.0
124.30000000000001,156.5,0.13,300,0.75
124.30000000000001,156.5,0.13,300,0.7578125
124.30000000000001,156.5,0.13,300,0.75
124.30000000000001,156.5,0.13,300,-1.0
122.7,155.6,0.12,250,0.7578125
122.7,155.6,0.12,250,0.7578125
125.4,153.6,0.77,150,0.7578125
125.4,153.6,0.77,150,0.7578125
123.0,154.9,0.02,300,0.7578125
123.0,154.9,0.02,300,-1.0
122.4,154.79999999999998,0.2,250,0.7578125
122.4,154.79999999999998,0.2,250,0.7578125
124.9,156.6,0.38,300,0.7578125
124.9,156.6,0.38,300,0.7578125
124.30000000000001,157.0,0.13,300,0.7578125
124.30000000000001,157.0,0.13,300,-1.0
125.10000000000001,155.9,0.76,300,0.7578125
125.10000000000001,155.9,0.76,300,0.7578125
124.60000000000001,156.5,0.14,350,0.75
124.60000000000001,156.5,0.14,350,-1.0
124.60000000000001,156.5,0.14,350,-1.0
124.10000000000001,155.9,0.23,350,0.7578125
124.10000000000001,155.9,0.23,350,0.7578125
123.2,155.4,0.35000000000000003,200,0.7578125
123.2,155.4,0.35000000000000003,200,0.7578125
125.30000000000001,156.2,0.15,350,-1.0
125.30000000000001,156.2,0.15,350,0.7578125
124.4,156.4,0.12,350,0.7578125
124.4,156.4,0.12,350,0.7578125
121.4,154.2,0.51,300,0.7578125
121.4,154.2,0.51,300,0.7578125
123.7,155.29999999999998,0.2,200,-1.0
123.7,155.29999999999998,0.2,200,0.7578125
122.9,154.9,0.17,350,-1.0
122.9,154.9,0.17,350,0.7578125
123.60000000000001,156.29999999999998,0.16,300,0.7421875
123.60000000000001,156.29999999999998,0.16,300,0.7578125
123.60000000000001,156.29999999999998,0.16,300,0.7578125
122.4,156.29999999999998,0.26,300,0.7578125
122.4,156.29999999999998,0.26,300,0.7578125
124.4,156.29999999999998,0.0,350,-1.0
124.4,156.29999999999998,0.0,350,-1.0
123.4,156.6,0.0,300,0.7578125
123.4,156.6,0.0,300,0.7578125
124.4,156.4,0.12,300,0.7578125
124.4,156.4,0.12,300,-1.0
123.0,155.29999999999998,0.28,250,0.7578125
123.0,155.29999999999998,0.28,250,0.7578125
123.2,154.29999999999998,0.11,200,0.7578125
123.2,154.29999999999998,0.11,200,0.7578125
124.60000000000001,156.7,0.0,350,-1.0
124.60000000000001,156.7,0.0,350,0.7578125
125.10000000000001,156.4,0.16,350,0.7578125
125.10000000000001,156.4,0.16,350,0.1328125
125.10000000000001,156.4,0.16,350,-1.0
125.10000000000001,156.4,0.16,350,-1.0
125.10000000000001,156.4,0.16,350,-1.0
124.60000000000001,155.1,0.21,350,-1.0
124.60000000000001,155.1,0.21,350,0.7578125
125.0,155.5,0.19,350,-1.0
125.0,155.5,0.19,350,-1.0
123.80000000000001,156.2,0.0,300,0.7578125
123.80000000000001,156.2,0.0,300,-1.0
122.4,155.4,0.41000000000000003,300,0.7578125
122.4,155.4,0.41000000000000003,300,0.7578125
124.7,156.5,0.34,350,0.7578125
124.7,156.5,0.34,350,-1.0
125.2,156.5,0.15,300,0.7578125
125.2,156.5,0.15,300,0.7578125
124.0,155.2,0.14,300,-1.0
124.0,155.2,0.14,300,0.7578125
122.60000000000001,155.7,0.25,300,0.7578125
122.60000000000001,155.7,0.25,300,0.7578125
123.7,156.29999999999998,0.22,350,-1.0
123.7,156.29999999999998,0.22,350,-1.0
122.9,154.29999999999998,0.14,250,0.7578125
122.9,154.29999999999998,0.14,250,0.7578125
125.30000000000001,156.4,0.0,350,0.7578125
125.30000000000001,156.4,0.0,350,-1.0
123.7,156.4,0.34,300,0.7578125
123.7,156.4,0.34,300,0.7578125
123.60000000000001,156.5,0.0,350,0.7578125
123.60000000000001,156.5,0.0,350,-1.0
122.80000000000001,155.79999999999998,0.02,300,0.7578125
122.80000000000001,155.79999999999998,0.02,300,-1.0
124.30000000000001,156.2,0.29,350,0.1171875
124.30000000000001,156.2,0.29,350,-1.0
124.30000000000001,156.2,0.29,350,-1.0
124.30000000000001,156.2,0.29,350,-1.0
124.30000000000001,156.2,0.29,350,0.75
124.30000000000001,156.2,0.29,350,0.7578125
124.10000000000001,156.2,0.2,300,-1.0
124.10000000000001,156.2,0.2,300,0.7578125
124.30000000000001,155.6,0.33,300,-1.0
124.30000000000001,155.6,0.33,300,0.7578125
124.0,155.9,0.0,350,-1.0
124.0,155.9,0.0,350,-1.0
124.4,156.5,0.45,250,0.7578125
124.4,156.5,0.45,250,0.7578125
121.5,153.5,0.06,350,0.7578125
121.5,153.5,0.06,350,0.7578125
123.2,156.0,0.2,250,0.7578125
123.2,156.0,0.2,250,0.7578125
121.9,153.9,0.9,200,0.7578125
121.9,153.9,0.9,200,0.7578125
123.10000000000001,154.9,0.11,250,0.7578125
123.10000000000001,154.9,0.11,250,0.7578125
125.2,156.0,0.18,350,0.7578125
125.2,156.0,0.18,350,-1.0
124.4,156.1,0.0,300,-1.0
124.4,156.1,0.0,300,-1.0
124.80000000000001,155.7,0.1,350,0.7578125
124.80000000000001,155.7,0.1,350,0.7578125
125.0,156.2,0.14,350,-1.0
125.0,156.2,0.14,350,0.1171875
125.0,156.2,0.14,350,-1.0
125.0,156.2,0.14,350,-1.0
125.0,156.2,0.14,350,0.7578125
124.7,156.2,0.13,350,0.7578125
124.7,156.2,0.13,350,-1.0
125.30000000000001,156.0,0.03,350,0.75
125.30000000000001,156.0,0.03,350,-1.0
125.30000000000001,156.0,0.03,350,0.7578125
125.4,155.9,0.21,300,-1.0
125.4,155.9,0.21,300,0.7578125
125.4,156.79999999999998,0.1,350,0.7578125
125.4,156.79999999999998,0.1,350,0.7578125
124.10000000000001,157.1,0.0,300,0.7578125
124.10000000000001,157.1,0.0,300,0.7578125
125.2,155.9,0.26,350,0.7578125
125.2,155.9,0.26,350,0.7578125
125.0,156.79999999999998,0.26,350,0.7578125
125.0,156.79999999999998,0.26,350,0.75
125.0,156.79999999999998,0.26,350,0.7578125
124.5,156.0,0.17,350,0.7578125
124.5,156.0,0.17,350,0.7578125
125.30000000000001,156.2,0.18,350,0.7578125
125.30000000000001,156.2,0.18,350,0.7578125
124.30000000000001,156.7,0.12,350,-1.0
124.30000000000001,156.7,0.12,350,-1.0
124.9,156.6,0.12,350,0.7578125
124.9,156.6,0.12,350,-1.0
124.7,155.79999999999998,0.0,350,0.7578125
124.7,155.79999999999998,0.0,350,-1.0
124.4,156.5,0.27,350,0.7578125
124.4,156.5,0.27,350,0.7578125
122.80000000000001,156.9,0.09,300,0.7578125
122.80000000000001,156.9,0.09,300,0.7578125
